Index Name,Event Date,Scrip Name,Description
Nifty 500,01-08-1998,20th Century Finance Corporation Ltd.,Inclusion into Index
Nifty 500,01-08-1998,3M India Ltd.,Inclusion into Index
Nifty 500,01-08-1998,ABB India Ltd.,Inclusion into Index
Nifty 500,01-08-1998,ACC Ltd.,Inclusion into Index
Nifty 500,01-08-1998,AGC Networks Ltd.,Inclusion into Index
Nifty 500,01-08-1998,AP Paper Mills Ltd.,Inclusion into Index
Nifty 500,01-08-1998,APR Ltd.,Inclusion into Index
Nifty 500,01-08-1998,ATV Projects India Ltd.,Inclusion into Index
Nifty 500,01-08-1998,Aban Offshore Ltd.,Inclusion into Index
Nifty 500,01-08-1998,Abbott India Ltd.,Inclusion into Index
Nifty 500,01-08-1998,Adani Enterprises Ltd.,Inclusion into Index
Nifty 500,01-08-1998,Aditya Birla Nuvo Ltd.,Inclusion into Index
Nifty 500,01-08-1998,Ador Welding Ltd.,Inclusion into Index
Nifty 500,01-08-1998,Agro Tech Foods Ltd.,Inclusion into Index
Nifty 500,01-08-1998,Ahmednagar Forgings Ltd.,Inclusion into Index
Nifty 500,01-08-1998,Akzo Nobel India Ltd.,Inclusion into Index
Nifty 500,01-08-1998,Alembic Ltd.,Inclusion into Index
Nifty 500,01-08-1998,Alfa Laval (India) Ltd.,Inclusion into Index
Nifty 500,01-08-1998,Alpic Finance Ltd.,Inclusion into Index
Nifty 500,01-08-1998,Alpine Industries Ltd.,Inclusion into Index
Nifty 500,01-08-1998,Altos India Ltd.,Inclusion into Index
Nifty 500,01-08-1998,Ambalal Sarabhai Enterprises Ltd.,Inclusion into Index
Nifty 500,01-08-1998,Ambuja Cements Ltd.,Inclusion into Index
Nifty 500,01-08-1998,Amrut Industries Ltd.,Inclusion into Index
Nifty 500,01-08-1998,Andhra Valley Power Supply Co. Ltd.,Inclusion into Index
Nifty 500,01-08-1998,Apollo Hospitals Enterprises Ltd.,Inclusion into Index
Nifty 500,01-08-1998,Apollo Tyres Ltd.,Inclusion into Index
Nifty 500,01-08-1998,Apple Credit Corporation Ltd.,Inclusion into Index
Nifty 500,01-08-1998,Apple Finance Ltd.,Inclusion into Index
Nifty 500,01-08-1998,Aptech Ltd. (Erstwhile),Inclusion into Index
Nifty 500,01-08-1998,Arvind Ltd.,Inclusion into Index
Nifty 500,01-08-1998,Arvind Polycot Ltd.,Inclusion into Index
Nifty 500,01-08-1998,Ashok Leyland Finance Ltd.,Inclusion into Index
Nifty 500,01-08-1998,Ashok Leyland Ltd.,Inclusion into Index
Nifty 500,01-08-1998,Asian Coffee Ltd.,Inclusion into Index
Nifty 500,01-08-1998,Asian Electronics Ltd.,Inclusion into Index
Nifty 500,01-08-1998,Asian Hotels (North) Ltd.,Inclusion into Index
Nifty 500,01-08-1998,Asian Paints Ltd.,Inclusion into Index
Nifty 500,01-08-1998,Assam Company India Ltd.,Inclusion into Index
Nifty 500,01-08-1998,AstraZenca Pharma India Ltd.,Inclusion into Index
Nifty 500,01-08-1998,Atcom Technologies Ltd.,Inclusion into Index
Nifty 500,01-08-1998,Atlas Copco (India) Ltd.,Inclusion into Index
Nifty 500,01-08-1998,Atlas Cycle (Haryana) Ltd.,Inclusion into Index
Nifty 500,01-08-1998,Atul Ltd.,Inclusion into Index
Nifty 500,01-08-1998,Automotive Axles Ltd.,Inclusion into Index
Nifty 500,01-08-1998,Autoriders Finance Ltd.,Inclusion into Index
Nifty 500,01-08-1998,BASF India Ltd.,Inclusion into Index
Nifty 500,01-08-1998,BEML Ltd.,Inclusion into Index
Nifty 500,01-08-1998,BIL Industries Ltd.,Inclusion into Index
Nifty 500,01-08-1998,BPL Engineering Ltd.,Inclusion into Index
Nifty 500,01-08-1998,BPL Ltd.,Inclusion into Index
Nifty 500,01-08-1998,Bajaj Auto Ltd.,Inclusion into Index
Nifty 500,01-08-1998,Bajaj Finance Ltd.,Inclusion into Index
Nifty 500,01-08-1998,Bajaj Hindusthan Ltd.,Inclusion into Index
Nifty 500,01-08-1998,Bajaj Tempo Ltd.,Inclusion into Index
Nifty 500,01-08-1998,Balaji Distilleries Ltd.,Inclusion into Index
Nifty 500,01-08-1998,Ballarpur Industries Ltd.,Inclusion into Index
Nifty 500,01-08-1998,Balrampur Chini Mills Ltd.,Inclusion into Index
Nifty 500,01-08-1998,Bank of Baroda,Inclusion into Index
Nifty 500,01-08-1998,Bank of India,Inclusion into Index
Nifty 500,01-08-1998,Bannari Amman Sugars Ltd.,Inclusion into Index
Nifty 500,01-08-1998,Baroda Rayon Corporation Ltd.,Inclusion into Index
Nifty 500,01-08-1998,Bata India Ltd.,Inclusion into Index
Nifty 500,01-08-1998,Bayer Cropscience Ltd.,Inclusion into Index
Nifty 500,01-08-1998,Bell Ceramics Ltd.,Inclusion into Index
Nifty 500,01-08-1998,Berger Paints India Ltd.,Inclusion into Index
Nifty 500,01-08-1998,Bharat Bijlee Ltd.,Inclusion into Index
Nifty 500,01-08-1998,Bharat Electronics Ltd.,Inclusion into Index
Nifty 500,01-08-1998,Bharat Forge Ltd.,Inclusion into Index
Nifty 500,01-08-1998,Bharat Heavy Electricals Ltd.,Inclusion into Index
Nifty 500,01-08-1998,Bharat Petroleum Corporation Ltd.,Inclusion into Index
Nifty 500,01-08-1998,Bharti Telecom Ltd.-Suspended,Inclusion into Index
Nifty 500,01-08-1998,Binani Industries Ltd.,Inclusion into Index
Nifty 500,01-08-1998,Birla Corporation Ltd.,Inclusion into Index
Nifty 500,01-08-1998,Birla Global Finance Ltd.,Inclusion into Index
Nifty 500,01-08-1998,Birla Power Solutions Ltd.,Inclusion into Index
Nifty 500,01-08-1998,Blow Plast Ltd.,Inclusion into Index
Nifty 500,01-08-1998,Blue Star Ltd.,Inclusion into Index
Nifty 500,01-08-1998,Bombay Burmah Trading Corporation Ltd.,Inclusion into Index
Nifty 500,01-08-1998,Bombay Dyeing & Manufacturing Co. Ltd.,Inclusion into Index
Nifty 500,01-08-1998,Bongaigaon Refinery & Petrochemicals Ltd.,Inclusion into Index
Nifty 500,01-08-1998,Bosch Ltd.,Inclusion into Index
Nifty 500,01-08-1998,Brabourne Enterprises Ltd.,Inclusion into Index
Nifty 500,01-08-1998,Britannia Industries Ltd.,Inclusion into Index
Nifty 500,01-08-1998,Burroughs Wellcome (India) Ltd.,Inclusion into Index
Nifty 500,01-08-1998,CESC Ltd.,Inclusion into Index
Nifty 500,01-08-1998,CFL Capital Financial Services Ltd.,Inclusion into Index
Nifty 500,01-08-1998,CRISIL Ltd.,Inclusion into Index
Nifty 500,01-08-1998,Cable Corporation of India Ltd.,Inclusion into Index
Nifty 500,01-08-1998,Cabot India Ltd.,Inclusion into Index
Nifty 500,01-08-1998,Cadbury India Ltd.,Inclusion into Index
Nifty 500,01-08-1998,Caprihans India Ltd.,Inclusion into Index
Nifty 500,01-08-1998,Carborundum Universal Ltd.,Inclusion into Index
Nifty 500,01-08-1998,Carrier Aircon Ltd. ,Inclusion into Index
Nifty 500,01-08-1998,Castrol (India) Ltd.,Inclusion into Index
Nifty 500,01-08-1998,Ceat Ltd.,Inclusion into Index
Nifty 500,01-08-1998,Centak Chemicals Ltd.,Inclusion into Index
Nifty 500,01-08-1998,Century Enka Ltd.,Inclusion into Index
Nifty 500,01-08-1998,Century Textile & Industries Ltd.,Inclusion into Index
Nifty 500,01-08-1998,Chambal Fertilizers & Chemicals Ltd.,Inclusion into Index
Nifty 500,01-08-1998,Cheminor Drugs Ltd.,Inclusion into Index
Nifty 500,01-08-1998,Chemplast Sanmar Ltd.,Inclusion into Index
Nifty 500,01-08-1998,Chennai Petroleum Corporation Ltd.,Inclusion into Index
Nifty 500,01-08-1998,Chicago Pneumatic India Ltd.,Inclusion into Index
Nifty 500,01-08-1998,Chowgule Steamships Ltd.,Inclusion into Index
Nifty 500,01-08-1998,Cipla Ltd.,Inclusion into Index
Nifty 500,01-08-1998,Clariant (India) Ltd.,Inclusion into Index
Nifty 500,01-08-1998,Clariant Chemicals (India) Ltd.,Inclusion into Index
Nifty 500,01-08-1998,Colgate Palmolive (India) Ltd.,Inclusion into Index
Nifty 500,01-08-1998,Core Healthcare Ltd.,Inclusion into Index
Nifty 500,01-08-1998,Cosmo Films Ltd.,Inclusion into Index
Nifty 500,01-08-1998,Crompton Greaves Ltd.,Inclusion into Index
Nifty 500,01-08-1998,Cummins India Ltd.,Inclusion into Index
Nifty 500,01-08-1998,DCL Polyesters Ltd.,Inclusion into Index
Nifty 500,01-08-1998,DCW Ltd.,Inclusion into Index
Nifty 500,01-08-1998,DIC India Ltd.,Inclusion into Index
Nifty 500,01-08-1998,Dabur India Ltd.,Inclusion into Index
Nifty 500,01-08-1998,Daewoo Motors India Ltd.,Inclusion into Index
Nifty 500,01-08-1998,Dalmia Bharat Sugar and Industries Ltd.,Inclusion into Index
Nifty 500,01-08-1998,Deepak Fertilisers & Petrochemicals Corp. Ltd.,Inclusion into Index
Nifty 500,01-08-1998,Denso India Ltd.,Inclusion into Index
Nifty 500,01-08-1998,Dewan Rubber Industries Ltd.,Inclusion into Index
Nifty 500,01-08-1998,Dhampur Sugar Mills Ltd.,Inclusion into Index
Nifty 500,01-08-1998,Dharamsi Morarji Chemical Co. Ltd.,Inclusion into Index
Nifty 500,01-08-1998,Digital Globalsoft Ltd.,Inclusion into Index
Nifty 500,01-08-1998,Digjam Ltd.,Inclusion into Index
Nifty 500,01-08-1998,Dr. Reddy's Laboratories Ltd.,Inclusion into Index
Nifty 500,01-08-1998,E.I.D. Parry (India) Ltd.,Inclusion into Index
Nifty 500,01-08-1998,EIH Ltd.,Inclusion into Index
Nifty 500,01-08-1998,ESAB India Ltd.,Inclusion into Index
Nifty 500,01-08-1998,Elecon Engineering Co. Ltd.,Inclusion into Index
Nifty 500,01-08-1998,Electrex (India) Ltd.,Inclusion into Index
Nifty 500,01-08-1998,Electrosteel Castings Ltd.,Inclusion into Index
Nifty 500,01-08-1998,Elgi Equipments Ltd.,Inclusion into Index
Nifty 500,01-08-1998,Escorts Ltd.,Inclusion into Index
Nifty 500,01-08-1998,Eskay K'n'IT (India) Ltd.,Inclusion into Index
Nifty 500,01-08-1998,Essar Oil Ltd.,Inclusion into Index
Nifty 500,01-08-1998,Essar Ports Ltd.,Inclusion into Index
Nifty 500,01-08-1998,Essar Steel Ltd.,Inclusion into Index
Nifty 500,01-08-1998,Essel Propack Ltd.,Inclusion into Index
Nifty 500,01-08-1998,Everest Industries Ltd.,Inclusion into Index
Nifty 500,01-08-1998,Excel Industries Ltd.- Arrangement,Inclusion into Index
Nifty 500,01-08-1998,Exide Industries Ltd.,Inclusion into Index
Nifty 500,01-08-1998,FDC Ltd.,Inclusion into Index
Nifty 500,01-08-1998,FGP Ltd.,Inclusion into Index
Nifty 500,01-08-1998,Fag Bearings India Ltd.,Inclusion into Index
Nifty 500,01-08-1998,Federal Bank Ltd.,Inclusion into Index
Nifty 500,01-08-1998,Federal-Mogul Goetze (India) Ltd.,Inclusion into Index
Nifty 500,01-08-1998,Finolex Cables Ltd.,Inclusion into Index
Nifty 500,01-08-1998,Finolex Industries Ltd.,Inclusion into Index
Nifty 500,01-08-1998,Flat Products Equipments (India) Ltd.,Inclusion into Index
Nifty 500,01-08-1998,Forbes Gokak Ltd.,Inclusion into Index
Nifty 500,01-08-1998,Foseco India Ltd.,Inclusion into Index
Nifty 500,01-08-1998,Fulford (India) Ltd.,Inclusion into Index
Nifty 500,01-08-1998,GAIL (India) Ltd.,Inclusion into Index
Nifty 500,01-08-1998,GHCL Ltd.,Inclusion into Index
Nifty 500,01-08-1998,GKN Driveshafts Ltd. -Delisted,Inclusion into Index
Nifty 500,01-08-1998,GTL Ltd.,Inclusion into Index
Nifty 500,01-08-1998,GTN Industries Ltd.,Inclusion into Index
Nifty 500,01-08-1998,Ganesh Benzoplast Ltd.,Inclusion into Index
Nifty 500,01-08-1998,Garden Silk Mills Ltd.,Inclusion into Index
Nifty 500,01-08-1998,Garware Polyester Ltd.,Inclusion into Index
Nifty 500,01-08-1998,Garware-Wall Ropes Ltd.,Inclusion into Index
Nifty 500,01-08-1998,German Remedies Ltd.,Inclusion into Index
Nifty 500,01-08-1998,Gillette India Ltd.,Inclusion into Index
Nifty 500,01-08-1998,GlaxoSmithkline Consumer Healthcare Ltd.,Inclusion into Index
Nifty 500,01-08-1998,Glaxosmithkline Pharmaceuticals Ltd.,Inclusion into Index
Nifty 500,01-08-1998,Godavari Fertilisers & Chemicals Ltd.,Inclusion into Index
Nifty 500,01-08-1998,Godfrey Phillips India Ltd.,Inclusion into Index
Nifty 500,01-08-1998,Godrej Industries Ltd.-Old,Inclusion into Index
Nifty 500,01-08-1998,Golden Tobacco Ltd.,Inclusion into Index
Nifty 500,01-08-1998,Good Value Marketing Co. Ltd.,Inclusion into Index
Nifty 500,01-08-1998,Goodricke Group Ltd.,Inclusion into Index
Nifty 500,01-08-1998,Goodyear India Ltd.,Inclusion into Index
Nifty 500,01-08-1998,Grasim Industries Ltd.,Inclusion into Index
Nifty 500,01-08-1998,Great Eastern Shipping Co. Ltd.,Inclusion into Index
Nifty 500,01-08-1998,Greaves Cotton Ltd.,Inclusion into Index
Nifty 500,01-08-1998,Grindwell Norton Ltd.,Inclusion into Index
Nifty 500,01-08-1998,Gujarat Alkalies & Chemicals Ltd.,Inclusion into Index
Nifty 500,01-08-1998,Gujarat Fluorochemicals Ltd.,Inclusion into Index
Nifty 500,01-08-1998,Gujarat Gas Co. Ltd.,Inclusion into Index
Nifty 500,01-08-1998,Gujarat Industries Power Co. Ltd.,Inclusion into Index
Nifty 500,01-08-1998,Gujarat Lease Financing Ltd.,Inclusion into Index
Nifty 500,01-08-1998,Gujarat Narmada Valley Fertilizers and Chemicals Ltd.,Inclusion into Index
Nifty 500,01-08-1998,Gujarat State Fertilizers & Chemicals Ltd.,Inclusion into Index
Nifty 500,01-08-1998,H.E.G. Ltd.,Inclusion into Index
Nifty 500,01-08-1998,HAMCO Mining & Smelting Ltd.,Inclusion into Index
Nifty 500,01-08-1998,HCL Infosystems Ltd.,Inclusion into Index
Nifty 500,01-08-1998,HDFC Bank Ltd.,Inclusion into Index
Nifty 500,01-08-1998,HIL Ltd.,Inclusion into Index
Nifty 500,01-08-1998,Harrisons Malayalam Ltd.,Inclusion into Index
Nifty 500,01-08-1998,HeidelbergCement India Ltd.,Inclusion into Index
Nifty 500,01-08-1998,Herbertsons Ltd.,Inclusion into Index
Nifty 500,01-08-1998,Hero MotoCorp Ltd.,Inclusion into Index
Nifty 500,01-08-1998,Himachal Fut Com Ltd.- Old,Inclusion into Index
Nifty 500,01-08-1998,Himatsingka Seide Ltd.,Inclusion into Index
Nifty 500,01-08-1998,Hind Lever Chemicals Ltd.,Inclusion into Index
Nifty 500,01-08-1998,Hind Syntex Ltd.,Inclusion into Index
Nifty 500,01-08-1998,Hindalco Industries Ltd.,Inclusion into Index
Nifty 500,01-08-1998,Hindustan Construction Co. Ltd.,Inclusion into Index
Nifty 500,01-08-1998,Hindustan Development Corporation Ltd.,Inclusion into Index
Nifty 500,01-08-1998,Hindustan Motors Ltd.,Inclusion into Index
Nifty 500,01-08-1998,Hindustan Oil Exploration Co. Ltd.,Inclusion into Index
Nifty 500,01-08-1998,Hindustan Organic Chemicals Ltd.,Inclusion into Index
Nifty 500,01-08-1998,Hindustan Petroleum Corporation Ltd.,Inclusion into Index
Nifty 500,01-08-1998,Hindustan Powerplus Ltd.,Inclusion into Index
Nifty 500,01-08-1998,Hindustan Unilever Ltd.,Inclusion into Index
Nifty 500,01-08-1998,Hindustan Zinc Ltd.,Inclusion into Index
Nifty 500,01-08-1998,Hitech Drilling Services India Ltd.,Inclusion into Index
Nifty 500,01-08-1998,Hoganas India Ltd.- Sus,Inclusion into Index
Nifty 500,01-08-1998,Honda SIEL Power Products Ltd.,Inclusion into Index
Nifty 500,01-08-1998,Honeywell Automation India Ltd.,Inclusion into Index
Nifty 500,01-08-1998,Hotel Leela Venture Ltd.,Inclusion into Index
Nifty 500,01-08-1998,Housing Development Finance Corporation Ltd.,Inclusion into Index
Nifty 500,01-08-1998,I G Petrochemicals Ltd.,Inclusion into Index
Nifty 500,01-08-1998,I T C Bhadrachalam Paper Boards Ltd.,Inclusion into Index
Nifty 500,01-08-1998,I T C Ltd.,Inclusion into Index
Nifty 500,01-08-1998,IBP Co. Ltd.,Inclusion into Index
Nifty 500,01-08-1998,ICICI Ltd.,Inclusion into Index
Nifty 500,01-08-1998,IDBI Bank Ltd.,Inclusion into Index
Nifty 500,01-08-1998,IDI Ltd.,Inclusion into Index
Nifty 500,01-08-1998,IFB Industries Ltd.,Inclusion into Index
Nifty 500,01-08-1998,IFCI Ltd.,Inclusion into Index
Nifty 500,01-08-1998,IP Rings Ltd.,Inclusion into Index
Nifty 500,01-08-1998,ISMT Ltd.,Inclusion into Index
Nifty 500,01-08-1998,ITC Hotels Ltd.,Inclusion into Index
Nifty 500,01-08-1998,ITD Cementation India Ltd.,Inclusion into Index
Nifty 500,01-08-1998,ITI Ltd.,Inclusion into Index
Nifty 500,01-08-1998,ITW Signode India Ltd.- Sus,Inclusion into Index
Nifty 500,01-08-1998,India Cements Ltd.,Inclusion into Index
Nifty 500,01-08-1998,India Glycols Ltd.,Inclusion into Index
Nifty 500,01-08-1998,India Gypsum Ltd.,Inclusion into Index
Nifty 500,01-08-1998,India Securities Ltd.,Inclusion into Index
Nifty 500,01-08-1998,Indian Aluminium Co. Ltd.,Inclusion into Index
Nifty 500,01-08-1998,Indian Card Clothing Co. Ltd.,Inclusion into Index
Nifty 500,01-08-1998,Indian Hotels Co. Ltd.,Inclusion into Index
Nifty 500,01-08-1998,Indian Organic Chemicals Ltd.,Inclusion into Index
Nifty 500,01-08-1998,Indian Petrochemicals Corporation Ltd.,Inclusion into Index
Nifty 500,01-08-1998,Indo Gulf Corporation Ltd.,Inclusion into Index
Nifty 500,01-08-1998,Indo Rama Synthetics (India) Ltd. - Old,Inclusion into Index
Nifty 500,01-08-1998,Industrial Oxygen Co. Ltd. -Sus,Inclusion into Index
Nifty 500,01-08-1998,Infomedia Press Ltd.,Inclusion into Index
Nifty 500,01-08-1998,Infosys Ltd.,Inclusion into Index
Nifty 500,01-08-1998,Ingersoll Rand (India) Ltd.,Inclusion into Index
Nifty 500,01-08-1998,International Travel House Ltd.,Inclusion into Index
Nifty 500,01-08-1998,Ion Exchange (India) Ltd.,Inclusion into Index
Nifty 500,01-08-1998,Ipca Laboratories Ltd.,Inclusion into Index
Nifty 500,01-08-1998,Ispat Alloys Ltd.,Inclusion into Index
Nifty 500,01-08-1998,J.B. Chemicals & Pharmaceuticals Ltd.,Inclusion into Index
Nifty 500,01-08-1998,JBF Industries Ltd.,Inclusion into Index
Nifty 500,01-08-1998,JCT Electronics Ltd.,Inclusion into Index
Nifty 500,01-08-1998,JCT Ltd.,Inclusion into Index
Nifty 500,01-08-1998,JD Orgochem Ltd.,Inclusion into Index
Nifty 500,01-08-1998,JK Lakshmi Cement Ltd.,Inclusion into Index
Nifty 500,01-08-1998,JK Tyre & Industries Ltd..,Inclusion into Index
Nifty 500,01-08-1998,JSW ISPAT Steel Ltd.,Inclusion into Index
Nifty 500,01-08-1998,Jagatjit Industries Ltd. -Sus,Inclusion into Index
Nifty 500,01-08-1998,Jain Irrigation Systems Ltd. (Old),Inclusion into Index
Nifty 500,01-08-1998,Jaiprakash Industries Ltd.- Suspended,Inclusion into Index
Nifty 500,01-08-1998,Jay Shree Tea & Industries Ltd.,Inclusion into Index
Nifty 500,01-08-1998,Jindal Iron & Steel Co. Ltd.,Inclusion into Index
Nifty 500,01-08-1998,Jindal Photo Ltd.,Inclusion into Index
Nifty 500,01-08-1998,Jindal Saw Ltd.,Inclusion into Index
Nifty 500,01-08-1998,Jindal Strips Ltd.- Merged,Inclusion into Index
Nifty 500,01-08-1998,Jyoti Structures Ltd.,Inclusion into Index
Nifty 500,01-08-1998,KSB Pumps Ltd.,Inclusion into Index
Nifty 500,01-08-1998,Kajaria Ceramics Ltd.,Inclusion into Index
Nifty 500,01-08-1998,Kalyani Steels Ltd.,Inclusion into Index
Nifty 500,01-08-1998,Kansai Nerolac Paints Ltd.,Inclusion into Index
Nifty 500,01-08-1998,Kerala Chemicals & Proteins Ltd.,Inclusion into Index
Nifty 500,01-08-1998,Kesoram Industries Ltd.,Inclusion into Index
Nifty 500,01-08-1998,Kinetic Engineering Ltd.,Inclusion into Index
Nifty 500,01-08-1998,Kinetic Motor Co. Ltd.,Inclusion into Index
Nifty 500,01-08-1998,Kirloskar Industries Ltd.,Inclusion into Index
Nifty 500,01-08-1998,Kitply Industries Ltd.,Inclusion into Index
Nifty 500,01-08-1998,Kochi Refineries Ltd.,Inclusion into Index
Nifty 500,01-08-1998,Kodak India Ltd. - Delisted,Inclusion into Index
Nifty 500,01-08-1998,Kopran Ltd.,Inclusion into Index
Nifty 500,01-08-1998,Kotak Mahindra Bank Ltd.,Inclusion into Index
Nifty 500,01-08-1998,Krishna Filaments Ltd.,Inclusion into Index
Nifty 500,01-08-1998,Krishna Lifestyle Technologies Ltd.,Inclusion into Index
Nifty 500,01-08-1998,LIC Housing Finance Ltd.,Inclusion into Index
Nifty 500,01-08-1998,LML Ltd.,Inclusion into Index
Nifty 500,01-08-1998,Lakshmi Machine Works Ltd.,Inclusion into Index
Nifty 500,01-08-1998,Larsen & Toubro Ltd.-Sus,Inclusion into Index
Nifty 500,01-08-1998,Linde India Ltd.,Inclusion into Index
Nifty 500,01-08-1998,Lloyds Finance Ltd.,Inclusion into Index
Nifty 500,01-08-1998,Lloyds Metals & Engineers Ltd.,Inclusion into Index
Nifty 500,01-08-1998,Lok Housing & Constructions Ltd.,Inclusion into Index
Nifty 500,01-08-1998,Lumax Industries Ltd.,Inclusion into Index
Nifty 500,01-08-1998,Lupin Chemicals Ltd.  (Erstwhile),Inclusion into Index
Nifty 500,01-08-1998,Lupin Laboratories Ltd.  (Erstwhile),Inclusion into Index
Nifty 500,01-08-1998,MRF Ltd.,Inclusion into Index
Nifty 500,01-08-1998,Madura Coats Ltd.,Inclusion into Index
Nifty 500,01-08-1998,Mafatlal Industries Ltd.,Inclusion into Index
Nifty 500,01-08-1998,Mahanagar Telephone Nigam Ltd.,Inclusion into Index
Nifty 500,01-08-1998,Maharashtra Scooters Ltd.,Inclusion into Index
Nifty 500,01-08-1998,Maharashtra Seamless Ltd.,Inclusion into Index
Nifty 500,01-08-1998,Mahindra & Mahindra Ltd.,Inclusion into Index
Nifty 500,01-08-1998,Mahindra Ugine Steel Co. Ltd.,Inclusion into Index
Nifty 500,01-08-1998,Mangalam Cement Ltd.,Inclusion into Index
Nifty 500,01-08-1998,Maral Overseas Ltd.,Inclusion into Index
Nifty 500,01-08-1998,Mardia Chemicals Ltd.,Inclusion into Index
Nifty 500,01-08-1998,Marico Ltd.,Inclusion into Index
Nifty 500,01-08-1998,Mastek Ltd.,Inclusion into Index
Nifty 500,01-08-1998,Max India Ltd.,Inclusion into Index
Nifty 500,01-08-1998,McDowell & Co. Ltd. (Old),Inclusion into Index
Nifty 500,01-08-1998,Merck Ltd.,Inclusion into Index
Nifty 500,01-08-1998,Merind Ltd.-Merged,Inclusion into Index
Nifty 500,01-08-1998,Micro Inks Ltd.,Inclusion into Index
Nifty 500,01-08-1998,Mirc Electronics Ltd.,Inclusion into Index
Nifty 500,01-08-1998,Modern Denim Ltd.,Inclusion into Index
Nifty 500,01-08-1998,Modern Syntex (India) Ltd.,Inclusion into Index
Nifty 500,01-08-1998,Modern Terry Towels Ltd.,Inclusion into Index
Nifty 500,01-08-1998,Modern Threads (India) Ltd.,Inclusion into Index
Nifty 500,01-08-1998,Modi Rubber Ltd.,Inclusion into Index
Nifty 500,01-08-1998,Modi Xerox Ltd.- Sus,Inclusion into Index
Nifty 500,01-08-1998,Modiluft Ltd.,Inclusion into Index
Nifty 500,01-08-1998,Morepen Laboratories Ltd.,Inclusion into Index
Nifty 500,01-08-1998,Mukand Ltd.- Old,Inclusion into Index
Nifty 500,01-08-1998,Munjal Showa Ltd.,Inclusion into Index
Nifty 500,01-08-1998,NEPC Agro Foods Ltd.,Inclusion into Index
Nifty 500,01-08-1998,NEPC India Ltd,Inclusion into Index
Nifty 500,01-08-1998,NIIT Ltd.-Sus,Inclusion into Index
Nifty 500,01-08-1998,NOCIL Ltd.,Inclusion into Index
Nifty 500,01-08-1998,Nagarjuna Fertilizers & Chemicals Ltd.,Inclusion into Index
Nifty 500,01-08-1998,Nahar Industrial Enterprises Ltd.,Inclusion into Index
Nifty 500,01-08-1998,Nahar Poly Films Ltd.,Inclusion into Index
Nifty 500,01-08-1998,Nahar Spinning Mills Ltd.,Inclusion into Index
Nifty 500,01-08-1998,National Aluminium Co. Ltd. (Old),Inclusion into Index
Nifty 500,01-08-1998,National Peroxide Ltd.,Inclusion into Index
Nifty 500,01-08-1998,Navneet Education Ltd.,Inclusion into Index
Nifty 500,01-08-1998,Nestle India Ltd.,Inclusion into Index
Nifty 500,01-08-1998,Nirma Ltd.,Inclusion into Index
Nifty 500,01-08-1998,Novartis India Ltd.,Inclusion into Index
Nifty 500,01-08-1998,OTIS Elevator Company (India) Ltd.,Inclusion into Index
Nifty 500,01-08-1998,Oil Country Tubular Ltd.,Inclusion into Index
Nifty 500,01-08-1998,Orchid Chemicals & Pharmaceuticals Ltd.,Inclusion into Index
Nifty 500,01-08-1998,Orient Paper & Industries Ltd.,Inclusion into Index
Nifty 500,01-08-1998,Oriental Bank of Commerce,Inclusion into Index
Nifty 500,01-08-1998,Oriental Hotels Ltd.,Inclusion into Index
Nifty 500,01-08-1998,Orkay Industries Ltd.,Inclusion into Index
Nifty 500,01-08-1998,Oswal Agro Mills Ltd.,Inclusion into Index
Nifty 500,01-08-1998,Oswal Chemicals & Fertilizers Ltd.,Inclusion into Index
Nifty 500,01-08-1998,Oudh Sugar Mills Ltd.,Inclusion into Index
Nifty 500,01-08-1998,PHIL Corporation Ltd.,Inclusion into Index
Nifty 500,01-08-1998,Parekh Platinum Ltd.,Inclusion into Index
Nifty 500,01-08-1998,Parke-Davis (India) Ltd.,Inclusion into Index
Nifty 500,01-08-1998,Patheja Forgings & Auto Parts Manufacturers Ltd.,Inclusion into Index
Nifty 500,01-08-1998,Peacock Industries Ltd.-old,Inclusion into Index
Nifty 500,01-08-1998,Peninsula Land Ltd.,Inclusion into Index
Nifty 500,01-08-1998,Pentamedia Graphics Ltd.,Inclusion into Index
Nifty 500,01-08-1998,Pfizer Ltd.,Inclusion into Index
Nifty 500,01-08-1998,Philips India Ltd.,Inclusion into Index
Nifty 500,01-08-1998,Phillips Carbon Black Ltd.,Inclusion into Index
Nifty 500,01-08-1998,Phoenix International Ltd.,Inclusion into Index
Nifty 500,01-08-1998,Pidilite Industries Ltd.,Inclusion into Index
Nifty 500,01-08-1998,Piramal Enterprises Ltd.,Inclusion into Index
Nifty 500,01-08-1998,Piramal Holdings Ltd.-Delisted,Inclusion into Index
Nifty 500,01-08-1998,Prakash Industries Ltd.,Inclusion into Index
Nifty 500,01-08-1998,Precision Fasteners Ltd.,Inclusion into Index
Nifty 500,01-08-1998,Premier Ltd.,Inclusion into Index
Nifty 500,01-08-1998,Prime Securities Ltd.,Inclusion into Index
Nifty 500,01-08-1998,Procter & Gamble Hygiene & Health Care Ltd.,Inclusion into Index
Nifty 500,01-08-1998,Pudumjee Pulp & Paper Mills Ltd.,Inclusion into Index
Nifty 500,01-08-1998,Punjab Alkalies & Chemicals Ltd.,Inclusion into Index
Nifty 500,01-08-1998,Punjab Chemicals & Crop Protection Ltd.,Inclusion into Index
Nifty 500,01-08-1998,Punjab Tractors Ltd.,Inclusion into Index
Nifty 500,01-08-1998,Punjab Wireless Systems Ltd.,Inclusion into Index
Nifty 500,01-08-1998,RPG Cables Ltd.,Inclusion into Index
Nifty 500,01-08-1998,RPG Transmission Ltd.,Inclusion into Index
Nifty 500,01-08-1998,RSWM Ltd.,Inclusion into Index
Nifty 500,01-08-1998,Raasi Cement Ltd.- Sus,Inclusion into Index
Nifty 500,01-08-1998,Rajinder Steels Ltd.,Inclusion into Index
Nifty 500,01-08-1998,Ranbaxy Laboratories Ltd.,Inclusion into Index
Nifty 500,01-08-1998,Rashtriya Chemicals & Fertilizers Ltd.,Inclusion into Index
Nifty 500,01-08-1998,Ravalgaon Sugar Farm Ltd.,Inclusion into Index
Nifty 500,01-08-1998,Raymond Ltd.,Inclusion into Index
Nifty 500,01-08-1998,Reckitt Benckiser (India) Ltd,Inclusion into Index
Nifty 500,01-08-1998,Recron Synthetics Ltd.,Inclusion into Index
Nifty 500,01-08-1998,Reliance Capital Ltd.,Inclusion into Index
Nifty 500,01-08-1998,Reliance Industrial Infrastructure Ltd.,Inclusion into Index
Nifty 500,01-08-1998,Reliance Industries Ltd.,Inclusion into Index
Nifty 500,01-08-1998,Reliance Infrastructure Ltd.,Inclusion into Index
Nifty 500,01-08-1998,Rhone-Poulenc (India) Ltd.,Inclusion into Index
Nifty 500,01-08-1998,Rico Auto Industries Ltd.,Inclusion into Index
Nifty 500,01-08-1998,Rolta India Ltd.,Inclusion into Index
Nifty 500,01-08-1998,Royal Cushion Vinyl Products Ltd.,Inclusion into Index
Nifty 500,01-08-1998,Ruchi Soya Industries Ltd.,Inclusion into Index
Nifty 500,01-08-1998,SIV Industries Ltd.,Inclusion into Index
Nifty 500,01-08-1998,SKF India Ltd.,Inclusion into Index
Nifty 500,01-08-1998,SOL Pharmaceuticals Ltd.,Inclusion into Index
Nifty 500,01-08-1998,SRF Ltd.,Inclusion into Index
Nifty 500,01-08-1998,Sakthi Sugars Ltd.,Inclusion into Index
Nifty 500,01-08-1998,Samtel Color Ltd.,Inclusion into Index
Nifty 500,01-08-1998,Sandvik Asia Ltd. - Delisted,Inclusion into Index
Nifty 500,01-08-1998,Sanghi Polysters Ltd.,Inclusion into Index
Nifty 500,01-08-1998,Sanofi India Ltd.,Inclusion into Index
Nifty 500,01-08-1998,Satyam Computer Services Ltd.,Inclusion into Index
Nifty 500,01-08-1998,Saurashtra Cement Ltd.,Inclusion into Index
Nifty 500,01-08-1998,Schenectady Beck India Ltd.,Inclusion into Index
Nifty 500,01-08-1998,Sesa Sterlite Ltd.,Inclusion into Index
Nifty 500,01-08-1998,Seshasayee Paper & Boards Ltd.,Inclusion into Index
Nifty 500,01-08-1998,Shaw Wallace & Co. Ltd.-Sus,Inclusion into Index
Nifty 500,01-08-1998,Shipping Corporation of India Ltd.,Inclusion into Index
Nifty 500,01-08-1998,Shree Cement Ltd.,Inclusion into Index
Nifty 500,01-08-1998,Shrenuj & Co. Ltd.,Inclusion into Index
Nifty 500,01-08-1998,Siemens Ltd.,Inclusion into Index
Nifty 500,01-08-1998,Smithkline Beecham Pharmaceuticals (I) Ltd.-Merged,Inclusion into Index
Nifty 500,01-08-1998,Snowcem India Ltd.,Inclusion into Index
Nifty 500,01-08-1998,Sona Koyo Steering Systems Ltd.,Inclusion into Index
Nifty 500,01-08-1998,Southern Petrochemicals Industries Corporation Ltd.,Inclusion into Index
Nifty 500,01-08-1998,Sree Rayalaseema Alkalies & Allied Chemicals Ltd.,Inclusion into Index
Nifty 500,01-08-1998,Standard Industries Ltd.- Delisted,Inclusion into Index
Nifty 500,01-08-1998,State Bank of India,Inclusion into Index
Nifty 500,01-08-1998,Steel Authority of India Ltd.,Inclusion into Index
Nifty 500,01-08-1998,Sterling Holiday Resorts (India) Ltd.-Delisted,Inclusion into Index
Nifty 500,01-08-1998,Sterlite Industries (India) Ltd (Erstwhile),Inclusion into Index
Nifty 500,01-08-1998,Styrolution ABS (India) Ltd.,Inclusion into Index
Nifty 500,01-08-1998,Sudarshan Chemical Industries Ltd.,Inclusion into Index
Nifty 500,01-08-1998,Summit Securities Ltd.- Old,Inclusion into Index
Nifty 500,01-08-1998,Sun Pharmaceutical Industries Ltd.,Inclusion into Index
Nifty 500,01-08-1998,Sundaram Clayton Ltd.- OLD,Inclusion into Index
Nifty 500,01-08-1998,Sundram Fasteners Ltd.,Inclusion into Index
Nifty 500,01-08-1998,Supreme Industries Ltd.,Inclusion into Index
Nifty 500,01-08-1998,Supreme Petrochem Ltd.,Inclusion into Index
Nifty 500,01-08-1998,Swaraj Engines Ltd.,Inclusion into Index
Nifty 500,01-08-1998,Synthetics & Chemicals Ltd.,Inclusion into Index
Nifty 500,01-08-1998,TCI Industries Ltd.,Inclusion into Index
Nifty 500,01-08-1998,TVS Suzuki Ltd. (old),Inclusion into Index
Nifty 500,01-08-1998,Tamil Nadu Newsprint & Papers Ltd.,Inclusion into Index
Nifty 500,01-08-1998,Tamilnadu Petroproducts Ltd.,Inclusion into Index
Nifty 500,01-08-1998,Tata Chemicals Ltd.,Inclusion into Index
Nifty 500,01-08-1998,Tata Communications Ltd.,Inclusion into Index
Nifty 500,01-08-1998,Tata Elxsi Ltd.,Inclusion into Index
Nifty 500,01-08-1998,Tata Finance Ltd.,Inclusion into Index
Nifty 500,01-08-1998,Tata Global Beverages Ltd.,Inclusion into Index
Nifty 500,01-08-1998,Tata Hydro-Electric Power Supply Co. Ltd.,Inclusion into Index
Nifty 500,01-08-1998,Tata Infotech Ltd.-Merged,Inclusion into Index
Nifty 500,01-08-1998,Tata Investment Corporation Ltd.,Inclusion into Index
Nifty 500,01-08-1998,Tata Motors Ltd.,Inclusion into Index
Nifty 500,01-08-1998,Tata Power Co. Ltd.,Inclusion into Index
Nifty 500,01-08-1998,Tata SSL Ltd.,Inclusion into Index
Nifty 500,01-08-1998,Tata Sponge Iron Ltd.,Inclusion into Index
Nifty 500,01-08-1998,Tata Steel Ltd.,Inclusion into Index
Nifty 500,01-08-1998,Textool Co. Ltd.- Merger,Inclusion into Index
Nifty 500,01-08-1998,The Ramco Cements Ltd.,Inclusion into Index
Nifty 500,01-08-1998,Thermax Ltd.,Inclusion into Index
Nifty 500,01-08-1998,Thiru Arooran Sugars Ltd.,Inclusion into Index
Nifty 500,01-08-1998,Thomas Cook (India) Ltd.,Inclusion into Index
Nifty 500,01-08-1998,Timex Watches Ltd.,Inclusion into Index
Nifty 500,01-08-1998,Timken India Ltd.,Inclusion into Index
Nifty 500,01-08-1998,Titan Industries Ltd.,Inclusion into Index
Nifty 500,01-08-1998,Torrent Pharmaceuticals Ltd.,Inclusion into Index
Nifty 500,01-08-1998,Torrent Power AEC Ltd.,Inclusion into Index
Nifty 500,01-08-1998,Transpek Industry Ltd.,Inclusion into Index
Nifty 500,01-08-1998,Trent Ltd.,Inclusion into Index
Nifty 500,01-08-1998,Trigyn Technologies Ltd.,Inclusion into Index
Nifty 500,01-08-1998,Triveni Engineering & Industries Ltd. (Old),Inclusion into Index
Nifty 500,01-08-1998,Tube Investments of India Ltd.,Inclusion into Index
Nifty 500,01-08-1998,UCAL Fuel Systems Ltd.,Inclusion into Index
Nifty 500,01-08-1998,UFLEX Ltd.,Inclusion into Index
Nifty 500,01-08-1998,Unitech Ltd.,Inclusion into Index
Nifty 500,01-08-1998,United Breweries Ltd.-Old,Inclusion into Index
Nifty 500,01-08-1998,United Phosphorous Ltd. -Sus,Inclusion into Index
Nifty 500,01-08-1998,Usha (India) Ltd.,Inclusion into Index
Nifty 500,01-08-1998,Usha Martin Ltd.,Inclusion into Index
Nifty 500,01-08-1998,Uttam Galva Steels Ltd.,Inclusion into Index
Nifty 500,01-08-1998,Uttam Value Steels Ltd.,Inclusion into Index
Nifty 500,01-08-1998,V.I.P. Industries Ltd.,Inclusion into Index
Nifty 500,01-08-1998,VLS Finance Ltd.,Inclusion into Index
Nifty 500,01-08-1998,VST Industries Ltd.,Inclusion into Index
Nifty 500,01-08-1998,Value Industries Ltd.,Inclusion into Index
Nifty 500,01-08-1998,Vardhman Holdings Ltd.,Inclusion into Index
Nifty 500,01-08-1998,Vardhman Textiles Ltd.,Inclusion into Index
Nifty 500,01-08-1998,Varun Shipping Co. Ltd.,Inclusion into Index
Nifty 500,01-08-1998,Vesuvius India Ltd.,Inclusion into Index
Nifty 500,01-08-1998,Videocon International Ltd.,Inclusion into Index
Nifty 500,01-08-1998,Vikas WSP Ltd.,Inclusion into Index
Nifty 500,01-08-1998,Vindhya Telelinks Ltd.,Inclusion into Index
Nifty 500,01-08-1998,Vinyl Chemicals (India) Ltd.,Inclusion into Index
Nifty 500,01-08-1998,Viral Filaments Ltd.,Inclusion into Index
Nifty 500,01-08-1998,Voltas Ltd.,Inclusion into Index
Nifty 500,01-08-1998,Warren Tea Ltd.,Inclusion into Index
Nifty 500,01-08-1998,Wartsila India Ltd.,Inclusion into Index
Nifty 500,01-08-1998,Western India Industries Ltd.,Inclusion into Index
Nifty 500,01-08-1998,Whirlpool of India Ltd.,Inclusion into Index
Nifty 500,01-08-1998,Widia (India) Ltd.,Inclusion into Index
Nifty 500,01-08-1998,Wimco Ltd.-Delisted,Inclusion into Index
Nifty 500,01-08-1998,Windsor Machines Ltd.,Inclusion into Index
Nifty 500,01-08-1998,Winsome Diamonds and Jewellery Ltd.,Inclusion into Index
Nifty 500,01-08-1998,Wipro Ltd.,Inclusion into Index
Nifty 500,01-08-1998,Wockhardt Ltd. (old),Inclusion into Index
Nifty 500,01-08-1998,Woolworth (India) Ltd.,Inclusion into Index
Nifty 500,01-08-1998,Wyeth Ltd.,Inclusion into Index
Nifty 500,01-08-1998,Yokogawa Ltd.,Inclusion into Index
Nifty 500,01-08-1998,Zandu Realty Ltd.,Inclusion into Index
Nifty 500,01-08-1998,Zee Entertainment Enterprises Ltd.,Inclusion into Index
Nifty 500,01-08-1998,Zensar Technolgies Ltd.,Inclusion into Index
Nifty 500,01-08-1998,Zuari Global Ltd.,Inclusion into Index
Nifty 500,07-10-1998,CMC Ltd.,Inclusion into Index
Nifty 500,07-10-1998,TCI Industries Ltd.,Exclusion from Index
Nifty 500,03-02-1999,20th Century Finance Corporation Ltd.,Exclusion from Index
Nifty 500,03-02-1999,ATV Projects India Ltd.,Exclusion from Index
Nifty 500,03-02-1999,Alstom T&D India Ltd.,Inclusion into Index
Nifty 500,03-02-1999,Amrut Industries Ltd.,Exclusion from Index
Nifty 500,03-02-1999,Avery India Ltd.,Inclusion into Index
Nifty 500,03-02-1999,Chettinad Cement Corporation Ltd.,Inclusion into Index
Nifty 500,03-02-1999,Cholamandalam Investment and Finance Company Ltd.,Inclusion into Index
Nifty 500,03-02-1999,Corporation Bank,Inclusion into Index
Nifty 500,03-02-1999,Eicher Ltd.,Inclusion into Index
Nifty 500,03-02-1999,Eskay K'n'IT (India) Ltd.,Exclusion from Index
Nifty 500,03-02-1999,Eveready Industries India Ltd.,Inclusion into Index
Nifty 500,03-02-1999,Good Value Marketing Co. Ltd.,Exclusion from Index
Nifty 500,03-02-1999,ICICI Bank Ltd.,Inclusion into Index
Nifty 500,03-02-1999,ING Vysya Bank Ltd.,Inclusion into Index
Nifty 500,03-02-1999,Insilco Ltd. - Sus,Inclusion into Index
Nifty 500,03-02-1999,Kohinoor Foods Ltd.,Inclusion into Index
Nifty 500,03-02-1999,Krishna Lifestyle Technologies Ltd.,Exclusion from Index
Nifty 500,03-02-1999,Lok Housing & Constructions Ltd.,Exclusion from Index
Nifty 500,03-02-1999,Malwa Cotton Spinning Mills Ltd.,Inclusion into Index
Nifty 500,03-02-1999,Modern Denim Ltd.,Exclusion from Index
Nifty 500,03-02-1999,Modern Syntex (India) Ltd.,Exclusion from Index
Nifty 500,03-02-1999,Modern Terry Towels Ltd.,Exclusion from Index
Nifty 500,03-02-1999,Modern Threads (India) Ltd.,Exclusion from Index
Nifty 500,03-02-1999,Orkay Industries Ltd.,Exclusion from Index
Nifty 500,03-02-1999,Piramal Holdings Ltd.-Delisted,Exclusion from Index
Nifty 500,03-02-1999,Punjab Communications Ltd.,Inclusion into Index
Nifty 500,03-02-1999,Ravalgaon Sugar Farm Ltd.,Exclusion from Index
Nifty 500,03-02-1999,Sundaram Finance Ltd.,Inclusion into Index
Nifty 500,03-02-1999,Tourism Finance Corporation of India Ltd.,Inclusion into Index
Nifty 500,03-02-1999,Triveni Engineering & Industries Ltd. (Old),Exclusion from Index
Nifty 500,03-02-1999,Vardhman Polytex Ltd.,Inclusion into Index
Nifty 500,03-02-1999,Western India Industries Ltd.,Exclusion from Index
Nifty 500,17-03-1999,Aurobindo Pharma Ltd.,Inclusion into Index
Nifty 500,17-03-1999,Moser Baer India Ltd.,Inclusion into Index
Nifty 500,17-03-1999,Precision Fasteners Ltd.,Exclusion from Index
Nifty 500,17-03-1999,Viral Filaments Ltd.,Exclusion from Index
Nifty 500,29-04-1999,National Aluminium Co. Ltd.,Inclusion into Index
Nifty 500,29-04-1999,National Aluminium Co. Ltd. (Old),Exclusion from Index
Nifty 500,26-05-1999,Alpine Industries Ltd.,Exclusion from Index
Nifty 500,26-05-1999,Altos India Ltd.,Exclusion from Index
Nifty 500,26-05-1999,Amara Raja Batteries Ltd.,Inclusion into Index
Nifty 500,26-05-1999,Arvind Polycot Ltd.,Exclusion from Index
Nifty 500,26-05-1999,Ashima Ltd.,Inclusion into Index
Nifty 500,26-05-1999,BIL Industries Ltd.,Exclusion from Index
Nifty 500,26-05-1999,Global Trust Bank Ltd.,Inclusion into Index
Nifty 500,26-05-1999,Golden Tobacco Ltd.,Exclusion from Index
Nifty 500,26-05-1999,Gujarat Mineral Development Corporation Ltd.,Inclusion into Index
Nifty 500,26-05-1999,India Securities Ltd.,Exclusion from Index
Nifty 500,26-05-1999,Mangalore Refinery & Petrochemicals Ltd.,Inclusion into Index
Nifty 500,26-05-1999,Merind Ltd.-Merged,Exclusion from Index
Nifty 500,26-05-1999,National Peroxide Ltd.,Exclusion from Index
Nifty 500,26-05-1999,Oil Country Tubular Ltd.,Exclusion from Index
Nifty 500,26-05-1999,PVP Ventures Ltd.,Inclusion into Index
Nifty 500,26-05-1999,Peacock Industries Ltd.-old,Exclusion from Index
Nifty 500,26-05-1999,Prakash Industries Ltd.,Exclusion from Index
Nifty 500,26-05-1999,Rayban Sun Optics India Ltd.,Inclusion into Index
Nifty 500,26-05-1999,Sri Vishnu Cement Ltd.- Merged,Inclusion into Index
Nifty 500,26-05-1999,Subros Ltd.,Inclusion into Index
Nifty 500,26-05-1999,Vashisti Detergents Ltd.,Inclusion into Index
Nifty 500,26-05-1999,e-Serve International Ltd.,Inclusion into Index
Nifty 500,08-09-1999,ADC India Communications Ltd.,Inclusion into Index
Nifty 500,08-09-1999,Ahmednagar Forgings Ltd.,Exclusion from Index
Nifty 500,08-09-1999,Archies Ltd.,Inclusion into Index
Nifty 500,08-09-1999,Autoriders Finance Ltd.,Exclusion from Index
Nifty 500,08-09-1999,Bell Ceramics Ltd.,Exclusion from Index
Nifty 500,08-09-1999,Birla Ericsson Optical Ltd.,Inclusion into Index
Nifty 500,08-09-1999,Blue Dart Express Ltd.,Inclusion into Index
Nifty 500,08-09-1999,Chowgule Steamships Ltd.,Exclusion from Index
Nifty 500,08-09-1999,Dewan Rubber Industries Ltd.,Exclusion from Index
Nifty 500,08-09-1999,Dharamsi Morarji Chemical Co. Ltd.,Exclusion from Index
Nifty 500,08-09-1999,Elgi Rubber Company Ltd.,Inclusion into Index
Nifty 500,08-09-1999,Lloyds Metals & Engineers Ltd.,Exclusion from Index
Nifty 500,08-09-1999,Mirza International Ltd.,Inclusion into Index
Nifty 500,08-09-1999,Modiluft Ltd.,Exclusion from Index
Nifty 500,08-09-1999,NEPC Agro Foods Ltd.,Exclusion from Index
Nifty 500,08-09-1999,Nilkamal Ltd.,Inclusion into Index
Nifty 500,08-09-1999,Paper Products Ltd.,Inclusion into Index
Nifty 500,08-09-1999,Patheja Forgings & Auto Parts Manufacturers Ltd.,Exclusion from Index
Nifty 500,08-09-1999,Pentafour Products Ltd.,Inclusion into Index
Nifty 500,08-09-1999,Punjab Anand Lamp Industries Ltd.,Inclusion into Index
Nifty 500,08-09-1999,Rajinder Steels Ltd.,Exclusion from Index
Nifty 500,08-09-1999,Rallis India Ltd.,Inclusion into Index
Nifty 500,08-09-1999,Rico Auto Industries Ltd.,Exclusion from Index
Nifty 500,08-09-1999,Silverline Technologies Ltd. -Sus,Inclusion into Index
Nifty 500,08-09-1999,Sterling Holiday Resorts (India) Ltd.-Delisted,Exclusion from Index
Nifty 500,08-09-1999,TVS Electronics Ltd. - Merge,Inclusion into Index
Nifty 500,08-12-1999,Asian Coffee Ltd.,Exclusion from Index
Nifty 500,08-12-1999,Bharti Telecom Ltd.-Suspended,Exclusion from Index
Nifty 500,08-12-1999,Ciba Speciality Chemicals (India) Ltd.,Inclusion into Index
Nifty 500,08-12-1999,DSQ Software Ltd.,Inclusion into Index
Nifty 500,08-12-1999,FGP Ltd.,Exclusion from Index
Nifty 500,08-12-1999,Gulf Oil India Ltd.-Old,Inclusion into Index
Nifty 500,08-12-1999,IndusInd Bank Ltd.,Inclusion into Index
Nifty 500,08-12-1999,Industrial Oxygen Co. Ltd. -Sus,Exclusion from Index
Nifty 500,08-12-1999,Mardia Chemicals Ltd.,Exclusion from Index
Nifty 500,08-12-1999,PSI Data Systems Ltd.,Inclusion into Index
Nifty 500,08-12-1999,Pharmacia Healthcare Ltd.,Inclusion into Index
Nifty 500,08-12-1999,Prime Securities Ltd.,Exclusion from Index
Nifty 500,08-12-1999,Rain Calcining Ltd.,Inclusion into Index
Nifty 500,08-12-1999,SOL Pharmaceuticals Ltd.,Exclusion from Index
Nifty 500,08-12-1999,Synthetics & Chemicals Ltd.,Exclusion from Index
Nifty 500,08-12-1999,Unichem Laboratories Ltd.,Inclusion into Index
Nifty 500,12-01-2000,Bayer Cropscience India Ltd. -Erstwhile,Inclusion into Index
Nifty 500,12-01-2000,Container Corporation of India Ltd.,Inclusion into Index
Nifty 500,12-01-2000,Punjab Wireless Systems Ltd.,Exclusion from Index
Nifty 500,12-01-2000,Wockhardt Ltd. (old),Exclusion from Index
Nifty 500,16-02-2000,Krebs Biochemicals Ltd.,Inclusion into Index
Nifty 500,16-02-2000,Raasi Cement Ltd.- Sus,Exclusion from Index
Nifty 500,16-02-2000,Royal Cushion Vinyl Products Ltd.,Exclusion from Index
Nifty 500,16-02-2000,Shasun Pharmaceuticals Ltd.,Inclusion into Index
Nifty 500,10-05-2000,Saregama India Ltd,Inclusion into Index
Nifty 500,10-05-2000,TVS Suzuki Ltd. (old),Exclusion from Index
Nifty 500,24-05-2000,Core Healthcare Ltd.,Exclusion from Index
Nifty 500,24-05-2000,Crest Animation Studios Ltd.,Inclusion into Index
Nifty 500,24-05-2000,Electrex (India) Ltd.,Exclusion from Index
Nifty 500,24-05-2000,Flextronics Software Systems Ltd.,Inclusion into Index
Nifty 500,24-05-2000,ISMT Ltd.,Exclusion from Index
Nifty 500,24-05-2000,Ispat Alloys Ltd.,Exclusion from Index
Nifty 500,24-05-2000,Modi Xerox Ltd.- Sus,Exclusion from Index
Nifty 500,24-05-2000,Polaris Financial Technology Ltd.,Inclusion into Index
Nifty 500,24-05-2000,Premier Ltd.,Exclusion from Index
Nifty 500,24-05-2000,Reliance Petroleum Ltd.- Merge,Inclusion into Index
Nifty 500,24-05-2000,Shaw Wallace & Co. Ltd.-Sus,Exclusion from Index
Nifty 500,24-05-2000,Sri Adhikari Brothers Television Network Ltd.,Inclusion into Index
Nifty 500,24-05-2000,Visualsoft Technologies Ltd.,Inclusion into Index
Nifty 500,24-05-2000,Wockhardt Ltd.,Inclusion into Index
Nifty 500,03-09-2000,APR Ltd.,Exclusion from Index
Nifty 500,03-09-2000,Axis Bank Ltd.,Inclusion into Index
Nifty 500,03-09-2000,Baroda Rayon Corporation Ltd.,Exclusion from Index
Nifty 500,03-09-2000,Bharat Bijlee Ltd.,Exclusion from Index
Nifty 500,03-09-2000,Bombay Burmah Trading Corporation Ltd.,Exclusion from Index
Nifty 500,03-09-2000,Cybertech Systems & Software Ltd.,Inclusion into Index
Nifty 500,03-09-2000,IDBI Bank Ltd.-OLD,Inclusion into Index
Nifty 500,03-09-2000,IFB Industries Ltd.,Exclusion from Index
Nifty 500,03-09-2000,JD Orgochem Ltd.,Exclusion from Index
Nifty 500,03-09-2000,Maars Software International Ltd.,Inclusion into Index
Nifty 500,03-09-2000,Punjab Alkalies & Chemicals Ltd.,Exclusion from Index
Nifty 500,03-09-2000,Ramco Industries Ltd.,Inclusion into Index
Nifty 500,03-09-2000,Salora International Ltd.,Inclusion into Index
Nifty 500,03-09-2000,Shyam Telecom Ltd.,Inclusion into Index
Nifty 500,03-09-2000,Sonata Software Ltd.,Inclusion into Index
Nifty 500,03-09-2000,Textool Co. Ltd.- Merger,Exclusion from Index
Nifty 500,20-09-2000,Jain Studios Ltd.,Inclusion into Index
Nifty 500,20-09-2000,Sterlite Industries (India) Ltd (Erstwhile),Exclusion from Index
Nifty 500,29-11-2000,Andhra Valley Power Supply Co. Ltd.,Exclusion from Index
Nifty 500,29-11-2000,Origin Agrostar Ltd.,Inclusion into Index
Nifty 500,29-11-2000,Roofit Industries Ltd.,Inclusion into Index
Nifty 500,29-11-2000,Tata Hydro-Electric Power Supply Co. Ltd.,Exclusion from Index
Nifty 500,13-12-2000,Cheminor Drugs Ltd.,Exclusion from Index
Nifty 500,13-12-2000,Engineers India Ltd.,Inclusion into Index
Nifty 500,13-12-2000,HAMCO Mining & Smelting Ltd.,Exclusion from Index
Nifty 500,13-12-2000,Herbertsons Ltd.,Exclusion from Index
Nifty 500,13-12-2000,Hindustan Development Corporation Ltd.,Exclusion from Index
Nifty 500,13-12-2000,Mafatlal Industries Ltd.,Exclusion from Index
Nifty 500,13-12-2000,MphasiS Ltd.,Inclusion into Index
Nifty 500,13-12-2000,Orient Information Technologies Ltd.,Inclusion into Index
Nifty 500,13-12-2000,Pentasoft Technologies Ltd.,Inclusion into Index
Nifty 500,13-12-2000,SEAMEC Ltd.,Inclusion into Index
Nifty 500,13-12-2000,Sandesh Ltd.,Inclusion into Index
Nifty 500,13-12-2000,Woolworth (India) Ltd.,Exclusion from Index
Nifty 500,20-12-2000,Jain Irrigation Systems Ltd. (Old),Exclusion from Index
Nifty 500,20-12-2000,Panacea Biotec Ltd.,Inclusion into Index
Nifty 500,10-01-2001,Chicago Pneumatic India Ltd.,Exclusion from Index
Nifty 500,10-01-2001,R. S. Software (India) Ltd.,Inclusion into Index
Nifty 500,25-04-2001,Accelya Kale Solutions Ltd.,Inclusion into Index
Nifty 500,25-04-2001,Bajaj Tempo Ltd.,Exclusion from Index
Nifty 500,25-04-2001,Cadila Healthcare Ltd.,Inclusion into Index
Nifty 500,25-04-2001,Carol Info Services Ltd.,Inclusion into Index
Nifty 500,25-04-2001,Glenmark Pharmaceuticals Ltd.,Inclusion into Index
Nifty 500,25-04-2001,Gujarat Lease Financing Ltd.,Exclusion from Index
Nifty 500,25-04-2001,HCL Technologies Ltd.,Inclusion into Index
Nifty 500,25-04-2001,IDI Ltd.,Exclusion from Index
Nifty 500,25-04-2001,Jindal Steel & Power Ltd.,Inclusion into Index
Nifty 500,25-04-2001,Lupin Chemicals Ltd.  (Erstwhile),Exclusion from Index
Nifty 500,25-04-2001,Monsanto India Ltd.,Inclusion into Index
Nifty 500,25-04-2001,Nahar Industrial Enterprises Ltd.,Exclusion from Index
Nifty 500,25-04-2001,Pentafour Products Ltd.,Exclusion from Index
Nifty 500,25-04-2001,Ramco Systems Ltd.,Inclusion into Index
Nifty 500,25-04-2001,Recron Synthetics Ltd.,Exclusion from Index
Nifty 500,25-04-2001,Sanghi Polysters Ltd.,Exclusion from Index
Nifty 500,25-04-2001,Sree Rayalaseema Alkalies & Allied Chemicals Ltd.,Exclusion from Index
Nifty 500,25-04-2001,Sterlite Industries (India) Ltd. -Sus,Inclusion into Index
Nifty 500,25-04-2001,Sudarshan Chemical Industries Ltd.,Exclusion from Index
Nifty 500,25-04-2001,Television Eighteen India Ltd.,Inclusion into Index
Nifty 500,20-06-2001,McDowell & Co. Ltd. (Old),Exclusion from Index
Nifty 500,20-06-2001,Padmini Technologies Ltd.,Inclusion into Index
Nifty 500,31-08-2001,Aksh Optifibre Ltd.,Inclusion into Index
Nifty 500,31-08-2001,Apple Credit Corporation Ltd.,Exclusion from Index
Nifty 500,31-08-2001,Avery India Ltd.,Exclusion from Index
Nifty 500,31-08-2001,Bank of Punjab Ltd.,Inclusion into Index
Nifty 500,31-08-2001,Cable Corporation of India Ltd.,Exclusion from Index
Nifty 500,31-08-2001,Centurion Bank Ltd.,Inclusion into Index
Nifty 500,31-08-2001,Cinevista Ltd.,Inclusion into Index
Nifty 500,31-08-2001,FCL Technologies & Products Ltd.,Inclusion into Index
Nifty 500,31-08-2001,JBF Industries Ltd.,Exclusion from Index
Nifty 500,31-08-2001,Jagatjit Industries Ltd. -Sus,Exclusion from Index
Nifty 500,31-08-2001,Karur Vysya Bank Ltd.,Inclusion into Index
Nifty 500,31-08-2001,Krishna Filaments Ltd.,Exclusion from Index
Nifty 500,31-08-2001,Lupin Laboratories Ltd.  (Erstwhile),Exclusion from Index
Nifty 500,31-08-2001,Shree Rama Multi Tech Ltd.,Inclusion into Index
Nifty 500,31-08-2001,Sri Vishnu Cement Ltd.- Merged,Exclusion from Index
Nifty 500,31-08-2001,TVS Motor Company Ltd.,Inclusion into Index
Nifty 500,11-10-2001,Hinduja Ventures Ltd.,Inclusion into Index
Nifty 500,11-10-2001,JCT Electronics Ltd.,Exclusion from Index
Nifty 500,11-10-2001,Mangalam Cement Ltd.,Exclusion from Index
Nifty 500,11-10-2001,iGate Global Solutions Ltd.,Inclusion into Index
Nifty 500,07-12-2001,Apple Finance Ltd.,Exclusion from Index
Nifty 500,07-12-2001,Aztecsoft Ltd.,Inclusion into Index
Nifty 500,07-12-2001,Balaji Telefilms Ltd.,Inclusion into Index
Nifty 500,07-12-2001,Essar Ports Ltd.,Exclusion from Index
Nifty 500,07-12-2001,Flat Products Equipments (India) Ltd.,Exclusion from Index
Nifty 500,07-12-2001,Garware Polyester Ltd.,Exclusion from Index
Nifty 500,07-12-2001,Henkel SPIC India Ltd.,Inclusion into Index
Nifty 500,07-12-2001,Indian Organic Chemicals Ltd.,Exclusion from Index
Nifty 500,07-12-2001,JCT Ltd.,Exclusion from Index
Nifty 500,07-12-2001,Jindal Iron & Steel Co. Ltd.,Exclusion from Index
Nifty 500,07-12-2001,Kalyani Steels Ltd.,Exclusion from Index
Nifty 500,07-12-2001,Mahindra Lifespace Developers Ltd.,Inclusion into Index
Nifty 500,07-12-2001,Motherson Sumi Systems Ltd.,Inclusion into Index
Nifty 500,07-12-2001,Mukta Arts Ltd,Inclusion into Index
Nifty 500,07-12-2001,Neyveli Lignite Corporation Ltd.,Inclusion into Index
Nifty 500,07-12-2001,Origin Agrostar Ltd.,Exclusion from Index
Nifty 500,07-12-2001,Saurashtra Cement Ltd.,Exclusion from Index
Nifty 500,07-12-2001,Smithkline Beecham Pharmaceuticals (I) Ltd.-Merged,Exclusion from Index
Nifty 500,07-12-2001,Soundcraft Industries Ltd.,Inclusion into Index
Nifty 500,07-12-2001,Sterling Biotech Ltd,Inclusion into Index
Nifty 500,07-12-2001,Sterlite Technologies Ltd.,Inclusion into Index
Nifty 500,07-12-2001,Syndicate Bank,Inclusion into Index
Nifty 500,07-12-2001,Tips Industries Ltd.,Inclusion into Index
Nifty 500,07-12-2001,Vikas WSP Ltd.,Exclusion from Index
Nifty 500,17-01-2002,Alpic Finance Ltd.,Exclusion from Index
Nifty 500,17-01-2002,DCM Shriram Consolidated Ltd.,Inclusion into Index
Nifty 500,17-01-2002,Hind Syntex Ltd.,Exclusion from Index
Nifty 500,17-01-2002,Jammu & Kashmir Bank Ltd.,Inclusion into Index
Nifty 500,17-01-2002,Phillips Carbon Black Ltd.,Exclusion from Index
Nifty 500,17-01-2002,Rhone-Poulenc (India) Ltd.,Exclusion from Index
Nifty 500,17-01-2002,Sun Earth Ceramics Ltd.,Inclusion into Index
Nifty 500,17-01-2002,Tata Teleservices (Maharashtra) Ltd.,Inclusion into Index
Nifty 500,29-01-2002,Aptech Ltd. (Erstwhile),Exclusion from Index
Nifty 500,29-01-2002,Infotech Enterprises Ltd.,Inclusion into Index
Nifty 500,29-03-2002,Aftek Ltd.,Inclusion into Index
Nifty 500,29-03-2002,Alstom India Ltd.,Inclusion into Index
Nifty 500,29-03-2002,Ambalal Sarabhai Enterprises Ltd.,Exclusion from Index
Nifty 500,29-03-2002,Bank of Rajasthan Ltd.,Inclusion into Index
Nifty 500,29-03-2002,Birla Power Solutions Ltd.,Exclusion from Index
Nifty 500,29-03-2002,Caprihans India Ltd.,Exclusion from Index
Nifty 500,29-03-2002,Centak Chemicals Ltd.,Exclusion from Index
Nifty 500,29-03-2002,Creative Eye Ltd.,Inclusion into Index
Nifty 500,29-03-2002,DCL Polyesters Ltd.,Exclusion from Index
Nifty 500,29-03-2002,Elecon Engineering Co. Ltd.,Exclusion from Index
Nifty 500,29-03-2002,Geometric Ltd.,Inclusion into Index
Nifty 500,29-03-2002,I G Petrochemicals Ltd.,Exclusion from Index
Nifty 500,29-03-2002,Infar (India) Ltd.,Inclusion into Index
Nifty 500,29-03-2002,Information Technologies India Ltd.,Inclusion into Index
Nifty 500,29-03-2002,Karnataka Bank Ltd.,Inclusion into Index
Nifty 500,29-03-2002,Kerala Chemicals & Proteins Ltd.,Exclusion from Index
Nifty 500,29-03-2002,Kothari Products Ltd.,Inclusion into Index
Nifty 500,29-03-2002,Lloyds Finance Ltd.,Exclusion from Index
Nifty 500,29-03-2002,Oswal Agro Mills Ltd.,Exclusion from Index
Nifty 500,29-03-2002,PNB Gilts Ltd.,Inclusion into Index
Nifty 500,29-03-2002,Phoenix International Ltd.,Exclusion from Index
Nifty 500,29-03-2002,Prism Cement Ltd.,Inclusion into Index
Nifty 500,29-03-2002,Punjab Chemicals & Crop Protection Ltd.,Exclusion from Index
Nifty 500,29-03-2002,Reliance MediaWorks Ltd.,Inclusion into Index
Nifty 500,29-03-2002,Sona Koyo Steering Systems Ltd.,Exclusion from Index
Nifty 500,29-03-2002,South Indian Bank Ltd.,Inclusion into Index
Nifty 500,29-03-2002,Transpek Industry Ltd.,Exclusion from Index
Nifty 500,29-03-2002,Uttam Value Steels Ltd.,Exclusion from Index
Nifty 500,29-03-2002,Vision Organics Ltd,Inclusion into Index
Nifty 500,29-03-2002,Williamson Tea Assam Ltd.,Inclusion into Index
Nifty 500,23-04-2002,AP Paper Mills Ltd.,Exclusion from Index
Nifty 500,23-04-2002,Ajanta Pharmaceuticals Ltd.,Inclusion into Index
Nifty 500,23-04-2002,Andhra Bank,Inclusion into Index
Nifty 500,23-04-2002,Bajaj Hindusthan Ltd.,Exclusion from Index
Nifty 500,23-04-2002,Blow Plast Ltd.,Exclusion from Index
Nifty 500,23-04-2002,Blue Star Infotech Ltd.,Inclusion into Index
Nifty 500,23-04-2002,Can Fin Homes Ltd.,Inclusion into Index
Nifty 500,23-04-2002,City Union Bank Ltd.,Inclusion into Index
Nifty 500,23-04-2002,Eicher Motors Ltd.,Inclusion into Index
Nifty 500,23-04-2002,FCI OEN Connectors Ltd.,Inclusion into Index
Nifty 500,23-04-2002,GSL Nova Petrochemicals Ltd.,Inclusion into Index
Nifty 500,23-04-2002,Ganesh Benzoplast Ltd.,Exclusion from Index
Nifty 500,23-04-2002,Grindwell Norton Ltd.,Exclusion from Index
Nifty 500,23-04-2002,HIL Ltd.,Exclusion from Index
Nifty 500,23-04-2002,Havell's India Ltd.,Inclusion into Index
Nifty 500,23-04-2002,Hitech Drilling Services India Ltd.,Exclusion from Index
Nifty 500,23-04-2002,I T C Bhadrachalam Paper Boards Ltd.,Exclusion from Index
Nifty 500,23-04-2002,ICICI Ltd.,Exclusion from Index
Nifty 500,23-04-2002,IP Rings Ltd.,Exclusion from Index
Nifty 500,23-04-2002,ITW Signode India Ltd.- Sus,Exclusion from Index
Nifty 500,23-04-2002,Indian Overseas Bank ,Inclusion into Index
Nifty 500,23-04-2002,Indraprastha Medical Corporation Ltd.,Inclusion into Index
Nifty 500,23-04-2002,Jagsonpal Pharmaceuticals Ltd.,Inclusion into Index
Nifty 500,23-04-2002,Jubilant Life Sciences Ltd.,Inclusion into Index
Nifty 500,23-04-2002,Lakshmi Auto Components Ltd.- Delisted,Inclusion into Index
Nifty 500,23-04-2002,Lakshmi Vilas Bank Ltd.,Inclusion into Index
Nifty 500,23-04-2002,Malwa Cotton Spinning Mills Ltd.,Exclusion from Index
Nifty 500,23-04-2002,Next Mediaworks Ltd.,Inclusion into Index
Nifty 500,23-04-2002,Oudh Sugar Mills Ltd.,Exclusion from Index
Nifty 500,23-04-2002,PHIL Corporation Ltd.,Exclusion from Index
Nifty 500,23-04-2002,RPG Transmission Ltd.,Exclusion from Index
Nifty 500,23-04-2002,SIV Industries Ltd.,Exclusion from Index
Nifty 500,23-04-2002,Schenectady Beck India Ltd.,Exclusion from Index
Nifty 500,23-04-2002,Smartlink Network Systems Ltd.,Inclusion into Index
Nifty 500,23-04-2002,Subros Ltd.,Exclusion from Index
Nifty 500,23-04-2002,Taj GVK Hotels & Resorts Ltd.,Inclusion into Index
Nifty 500,23-04-2002,Timex Watches Ltd.,Exclusion from Index
Nifty 500,23-04-2002,United Western Bank Ltd.,Inclusion into Index
Nifty 500,23-04-2002,Vijaya Bank,Inclusion into Index
Nifty 500,23-04-2002,Windsor Machines Ltd.,Exclusion from Index
Nifty 500,14-05-2002,Pritish Nandy Communications Ltd.,Inclusion into Index
Nifty 500,14-05-2002,Sterlite Industries (India) Ltd. -Sus,Exclusion from Index
Nifty 500,21-05-2002,Hoganas India Ltd.- Sus,Exclusion from Index
Nifty 500,21-05-2002,Onward Technologies Ltd.,Inclusion into Index
Nifty 500,06-06-2002,Oil & Natural Gas Corporation Ltd.,Inclusion into Index
Nifty 500,06-06-2002,Tata SSL Ltd.,Exclusion from Index
Nifty 500,09-07-2002,Alok Industries Ltd.,Inclusion into Index
Nifty 500,09-07-2002,Assam Company India Ltd.,Exclusion from Index
Nifty 500,09-07-2002,Balmer Lawrie & Co. Ltd.,Inclusion into Index
Nifty 500,09-07-2002,Bhushan Steel Ltd.,Inclusion into Index
Nifty 500,09-07-2002,Cabot India Ltd.,Exclusion from Index
Nifty 500,09-07-2002,Indian Oil Corporation Ltd.,Inclusion into Index
Nifty 500,09-07-2002,Information Technologies India Ltd.,Exclusion from Index
Nifty 500,09-07-2002,Krebs Biochemicals Ltd.,Exclusion from Index
Nifty 500,09-07-2002,Punjab Anand Lamp Industries Ltd.,Exclusion from Index
Nifty 500,09-07-2002,Rain Industries Ltd,Inclusion into Index
Nifty 500,09-07-2002,Shanthi Gears Ltd.,Inclusion into Index
Nifty 500,09-07-2002,VLS Finance Ltd.,Exclusion from Index
Nifty 500,09-07-2002,Warren Tea Ltd.,Exclusion from Index
Nifty 500,09-07-2002,West Coast Paper Mills Ltd.,Inclusion into Index
Nifty 500,18-07-2002,Godrej Industries Ltd.-Old,Exclusion from Index
Nifty 500,18-07-2002,Tata Coffee Ltd.,Inclusion into Index
Nifty 500,13-08-2002,NELCO Ltd.,Inclusion into Index
Nifty 500,13-08-2002,United Breweries Ltd.-Old,Exclusion from Index
Nifty 500,20-08-2002,Sandvik Asia Ltd. - Delisted,Exclusion from Index
Nifty 500,20-08-2002,Venky's (India) Ltd.,Inclusion into Index
Nifty 500,19-09-2002,AXIS IT&T Ltd.,Inclusion into Index
Nifty 500,19-09-2002,Agro Dutch Industries Ltd.,Inclusion into Index
Nifty 500,19-09-2002,Alstom T&D India Ltd.,Exclusion from Index
Nifty 500,19-09-2002,Andhra Sugars Ltd.,Inclusion into Index
Nifty 500,19-09-2002,Asahi India Glass Ltd.,Inclusion into Index
Nifty 500,19-09-2002,Automotive Axles Ltd.,Exclusion from Index
Nifty 500,19-09-2002,BSL Ltd.,Inclusion into Index
Nifty 500,19-09-2002,Bannari Amman Sugars Ltd.,Exclusion from Index
Nifty 500,19-09-2002,Bharat Hotels Ltd. - Delisted,Inclusion into Index
Nifty 500,19-09-2002,Bhushan Steel Ltd.,Exclusion from Index
Nifty 500,19-09-2002,Binani Industries Ltd.,Exclusion from Index
Nifty 500,19-09-2002,Cadbury India Ltd.,Exclusion from Index
Nifty 500,19-09-2002,Chettinad Cement Corporation Ltd.,Exclusion from Index
Nifty 500,19-09-2002,Compudyne Winfosystems Ltd.,Inclusion into Index
Nifty 500,19-09-2002,Coromandel International Ltd.,Inclusion into Index
Nifty 500,19-09-2002,Daewoo Motors India Ltd.,Exclusion from Index
Nifty 500,19-09-2002,Deepak Fertilisers & Petrochemicals Corp. Ltd.,Exclusion from Index
Nifty 500,19-09-2002,Dena Bank,Inclusion into Index
Nifty 500,19-09-2002,Elder Pharmaceuticals Ltd.,Inclusion into Index
Nifty 500,19-09-2002,First Leasing Co. of India Ltd.,Inclusion into Index
Nifty 500,19-09-2002,Forbes Gokak Ltd.,Exclusion from Index
Nifty 500,19-09-2002,Fulford (India) Ltd.,Exclusion from Index
Nifty 500,19-09-2002,GKN Driveshafts Ltd. -Delisted,Exclusion from Index
Nifty 500,19-09-2002,Gammon India Ltd.,Inclusion into Index
Nifty 500,19-09-2002,Garware-Wall Ropes Ltd.,Exclusion from Index
Nifty 500,19-09-2002,Godavari Fertilisers & Chemicals Ltd.,Exclusion from Index
Nifty 500,19-09-2002,Goodricke Group Ltd.,Exclusion from Index
Nifty 500,19-09-2002,Goodyear India Ltd.,Exclusion from Index
Nifty 500,19-09-2002,Graphite India Ltd.,Inclusion into Index
Nifty 500,19-09-2002,Greaves Cotton Ltd.,Exclusion from Index
Nifty 500,19-09-2002,Gulf Oil India Ltd.-Old,Exclusion from Index
Nifty 500,19-09-2002,Heritage Foods Ltd.,Inclusion into Index
Nifty 500,19-09-2002,Hindustan Powerplus Ltd.,Exclusion from Index
Nifty 500,19-09-2002,IVRCL Ltd.,Inclusion into Index
Nifty 500,19-09-2002,India Glycols Ltd.,Exclusion from Index
Nifty 500,19-09-2002,India Nippon Electricals Ltd.,Inclusion into Index
Nifty 500,19-09-2002,Insilco Ltd. - Sus,Exclusion from Index
Nifty 500,19-09-2002,International Travel House Ltd.,Exclusion from Index
Nifty 500,19-09-2002,Ion Exchange (India) Ltd.,Exclusion from Index
Nifty 500,19-09-2002,JK Tyre & Industries Ltd..,Exclusion from Index
Nifty 500,19-09-2002,Jindal Photo Ltd.,Exclusion from Index
Nifty 500,19-09-2002,Jubilant Life Sciences Ltd.,Exclusion from Index
Nifty 500,19-09-2002,KDL Biotech Ltd.,Inclusion into Index
Nifty 500,19-09-2002,KPIT Technologies Ltd.,Inclusion into Index
Nifty 500,19-09-2002,Kinetic Engineering Ltd.,Exclusion from Index
Nifty 500,19-09-2002,Lupin Ltd.,Inclusion into Index
Nifty 500,19-09-2002,MRO-TEK Ltd.,Inclusion into Index
Nifty 500,19-09-2002,Madras Fertilizers Ltd.,Inclusion into Index
Nifty 500,19-09-2002,Manali Petrochemicals Ltd.,Inclusion into Index
Nifty 500,19-09-2002,Melstar Information Technologies Ltd.,Inclusion into Index
Nifty 500,19-09-2002,Munjal Showa Ltd.,Exclusion from Index
Nifty 500,19-09-2002,NRB Bearings Ltd.,Inclusion into Index
Nifty 500,19-09-2002,PSL Ltd.,Inclusion into Index
Nifty 500,19-09-2002,Panasonic AVC Networks India Co. Ltd.,Inclusion into Index
Nifty 500,19-09-2002,Paper Products Ltd.,Exclusion from Index
Nifty 500,19-09-2002,Philips India Ltd.,Exclusion from Index
Nifty 500,19-09-2002,Pricol Ltd.,Inclusion into Index
Nifty 500,19-09-2002,Prism Cement Ltd.,Exclusion from Index
Nifty 500,19-09-2002,Reliance Petroleum Ltd.- Merge,Exclusion from Index
Nifty 500,19-09-2002,S. Kumars Nationwide Ltd.,Inclusion into Index
Nifty 500,19-09-2002,S.B.& T. International Ltd.,Inclusion into Index
Nifty 500,19-09-2002,SREI Infrastructure Finance Ltd.,Inclusion into Index
Nifty 500,19-09-2002,Shirpur Gold Refinery Ltd.,Inclusion into Index
Nifty 500,19-09-2002,Siltap Chemicals Ltd.- Merged,Inclusion into Index
Nifty 500,19-09-2002,Sintex Industries Ltd.,Inclusion into Index
Nifty 500,19-09-2002,Sirpur Paper Mills Ltd.,Inclusion into Index
Nifty 500,19-09-2002,Soundcraft Industries Ltd.,Exclusion from Index
Nifty 500,19-09-2002,Sundaram Brake Linings Ltd.,Inclusion into Index
Nifty 500,19-09-2002,Surya Roshni Ltd.,Inclusion into Index
Nifty 500,19-09-2002,Tamilnadu Telecommunications Ltd.,Inclusion into Index
Nifty 500,19-09-2002,Tata Sponge Iron Ltd.,Exclusion from Index
Nifty 500,19-09-2002,Thirumalai Chemicals Ltd.,Inclusion into Index
Nifty 500,19-09-2002,Timken India Ltd.,Exclusion from Index
Nifty 500,19-09-2002,United Spirits Ltd.,Inclusion into Index
Nifty 500,19-09-2002,Usha (India) Ltd.,Exclusion from Index
Nifty 500,19-09-2002,Vardhman Holdings Ltd.,Exclusion from Index
Nifty 500,19-09-2002,Vardhman Polytex Ltd.,Exclusion from Index
Nifty 500,19-09-2002,Vardhman Textiles Ltd.,Exclusion from Index
Nifty 500,19-09-2002,Varun Shipping Co. Ltd.,Exclusion from Index
Nifty 500,19-09-2002,Vision Organics Ltd,Exclusion from Index
Nifty 500,19-09-2002,Wellwin Industry Ltd.,Inclusion into Index
Nifty 500,19-09-2002,Wheels India Ltd.,Inclusion into Index
Nifty 500,19-09-2002,Widia (India) Ltd.,Exclusion from Index
Nifty 500,19-09-2002,Winsome Diamonds and Jewellery Ltd.,Exclusion from Index
Nifty 500,19-09-2002,Zenith Computer Ltd.,Inclusion into Index
Nifty 500,19-09-2002,Zodiac Clothing Co. Ltd.,Inclusion into Index
Nifty 500,11-10-2002,Denso India Ltd.,Exclusion from Index
Nifty 500,11-10-2002,HMT Ltd.,Inclusion into Index
Nifty 500,11-10-2002,Infar (India) Ltd.,Exclusion from Index
Nifty 500,11-10-2002,Kakatiya Cement Sugar & Industries Ltd.,Inclusion into Index
Nifty 500,11-11-2002,CFL Capital Financial Services Ltd.,Exclusion from Index
Nifty 500,11-11-2002,Godrej Consumer Products Ltd.,Inclusion into Index
Nifty 500,11-11-2002,KCP Ltd.,Inclusion into Index
Nifty 500,11-11-2002,Modi Rubber Ltd.,Exclusion from Index
Nifty 500,11-11-2002,Panasonic AVC Networks India Co. Ltd.,Exclusion from Index
Nifty 500,11-11-2002,Patspin India Ltd.,Inclusion into Index
Nifty 500,21-01-2003,JK Lakshmi Cement Ltd.,Exclusion from Index
Nifty 500,21-01-2003,Munjal Showa Ltd.,Inclusion into Index
Nifty 500,21-01-2003,Padmini Technologies Ltd.,Exclusion from Index
Nifty 500,21-01-2003,Prism Cement Ltd.,Inclusion into Index
Nifty 500,21-01-2003,Thirumalai Chemicals Ltd.,Exclusion from Index
Nifty 500,21-01-2003,Vardhman Textiles Ltd.,Inclusion into Index
Nifty 500,25-02-2003,Kinetic Motor Co. Ltd.,Exclusion from Index
Nifty 500,25-02-2003,MPS Ltd.,Inclusion into Index
Nifty 500,05-03-2003,Indo Gulf Corporation Ltd.,Exclusion from Index
Nifty 500,05-03-2003,Rico Auto Industries Ltd.,Inclusion into Index
Nifty 500,06-03-2003,Parke-Davis (India) Ltd.,Exclusion from Index
Nifty 500,06-03-2003,Vardhman Holdings Ltd.,Inclusion into Index
Nifty 500,17-03-2003,Bharti Airtel Ltd.,Inclusion into Index
Nifty 500,17-03-2003,Oracle Financial Services Software Ltd.,Inclusion into Index
Nifty 500,17-03-2003,Roofit Industries Ltd.,Exclusion from Index
Nifty 500,17-03-2003,Sun Earth Ceramics Ltd.,Exclusion from Index
Nifty 500,27-03-2003,Punjab National Bank,Inclusion into Index
Nifty 500,27-03-2003,Reckitt Benckiser (India) Ltd,Exclusion from Index
Nifty 500,01-04-2003,ADC India Communications Ltd.,Exclusion from Index
Nifty 500,01-04-2003,Abbott India Ltd.,Exclusion from Index
Nifty 500,01-04-2003,Atlas Copco (India) Ltd.,Exclusion from Index
Nifty 500,01-04-2003,Bannari Amman Sugars Ltd.,Inclusion into Index
Nifty 500,01-04-2003,Burroughs Wellcome (India) Ltd.,Exclusion from Index
Nifty 500,01-04-2003,Carrier Aircon Ltd. ,Exclusion from Index
Nifty 500,01-04-2003,Deepak Fertilisers & Petrochemicals Corp. Ltd.,Inclusion into Index
Nifty 500,01-04-2003,Fertilisers and Chemicals Travancore Ltd.,Inclusion into Index
Nifty 500,01-04-2003,Future Retail Ltd.,Inclusion into Index
Nifty 500,01-04-2003,Godavari Fertilisers & Chemicals Ltd.,Inclusion into Index
Nifty 500,01-04-2003,Henkel SPIC India Ltd.,Exclusion from Index
Nifty 500,01-04-2003,Hexaware Technologies Ltd.,Inclusion into Index
Nifty 500,01-04-2003,Hikal Ltd.,Inclusion into Index
Nifty 500,01-04-2003,Hindustan Zinc Ltd.,Exclusion from Index
Nifty 500,01-04-2003,Jindal Photo Ltd.,Inclusion into Index
Nifty 500,01-04-2003,Paper Products Ltd.,Inclusion into Index
Nifty 500,01-04-2003,Procter & Gamble Hygiene & Health Care Ltd.,Exclusion from Index
Nifty 500,01-04-2003,Punjab Communications Ltd.,Exclusion from Index
Nifty 500,01-04-2003,Rayban Sun Optics India Ltd.,Exclusion from Index
Nifty 500,01-04-2003,Tata Infotech Ltd.-Merged,Exclusion from Index
Nifty 500,01-04-2003,Trident Ltd.,Inclusion into Index
Nifty 500,01-04-2003,Union Bank of India,Inclusion into Index
Nifty 500,07-04-2003,Bayer Cropscience Ltd.,Exclusion from Index
Nifty 500,07-04-2003,Central India Polyesters Ltd.,Inclusion into Index
Nifty 500,07-04-2003,Ciba Speciality Chemicals (India) Ltd.,Exclusion from Index
Nifty 500,07-04-2003,Jain Irrigation Systems Ltd.,Inclusion into Index
Nifty 500,07-04-2003,Kodak India Ltd. - Delisted,Exclusion from Index
Nifty 500,07-04-2003,Search Chem. Industries Ltd. - Sus,Inclusion into Index
Nifty 500,07-04-2003,Silverline Technologies Ltd. -Sus,Exclusion from Index
Nifty 500,07-04-2003,Tata Sponge Iron Ltd.,Inclusion into Index
Nifty 500,25-04-2003,Jindal Iron & Steel Co. Ltd.,Inclusion into Index
Nifty 500,25-04-2003,Madura Coats Ltd.,Exclusion from Index
Nifty 500,02-05-2003,Aptech Ltd.,Inclusion into Index
Nifty 500,02-05-2003,Castrol (India) Ltd.,Exclusion from Index
Nifty 500,02-05-2003,Gujarat Ambuja Exports Ltd.,Inclusion into Index
Nifty 500,02-05-2003,Novartis India Ltd.,Exclusion from Index
Nifty 500,02-05-2003,OTIS Elevator Company (India) Ltd.,Exclusion from Index
Nifty 500,02-05-2003,Praj Industries Ltd.,Inclusion into Index
Nifty 500,02-05-2003,Todays Writing Instruments Ltd.,Inclusion into Index
Nifty 500,02-05-2003,Wartsila India Ltd.,Exclusion from Index
Nifty 500,23-05-2003,Indo Rama Synthetics (India) Ltd. - Old,Exclusion from Index
Nifty 500,23-05-2003,Vardhman Polytex Ltd.,Inclusion into Index
Nifty 500,17-06-2003,Bharat Hotels Ltd. - Delisted,Exclusion from Index
Nifty 500,17-06-2003,Canara Bank,Inclusion into Index
Nifty 500,04-08-2003,Jindal Poly Films Ltd.,Inclusion into Index
Nifty 500,04-08-2003,Nestle India Ltd.,Exclusion from Index
Nifty 500,11-08-2003,Allahabad Bank,Inclusion into Index
Nifty 500,11-08-2003,Whirlpool of India Ltd.,Exclusion from Index
Nifty 500,05-09-2003,German Remedies Ltd.,Exclusion from Index
Nifty 500,05-09-2003,Shriram Transport Finance Co. Ltd.,Inclusion into Index
Nifty 500,09-09-2003,Jindal Strips Ltd.- Merged,Exclusion from Index
Nifty 500,09-09-2003,Jubilant Life Sciences Ltd.,Inclusion into Index
Nifty 500,11-09-2003,Regency Ceramics Ltd.,Inclusion into Index
Nifty 500,11-09-2003,TVS Electronics Ltd. - Merge,Exclusion from Index
Nifty 500,29-09-2003,Bajaj Hindusthan Ltd.,Inclusion into Index
Nifty 500,29-09-2003,Excel Industries Ltd.- Arrangement,Exclusion from Index
Nifty 500,01-10-2003,Siltap Chemicals Ltd.- Merged,Exclusion from Index
Nifty 500,01-10-2003,Visaka Industries Ltd.,Inclusion into Index
Nifty 500,19-11-2003,Amtek Auto Ltd.,Inclusion into Index
Nifty 500,19-11-2003,Standard Industries Ltd.- Delisted,Exclusion from Index
Nifty 500,21-11-2003,Bayer Cropscience India Ltd. -Erstwhile,Exclusion from Index
Nifty 500,21-11-2003,Divi's Laboratories Ltd.,Inclusion into Index
Nifty 500,05-12-2003,Omax Autos Ltd.,Inclusion into Index
Nifty 500,05-12-2003,Search Chem. Industries Ltd. - Sus,Exclusion from Index
Nifty 500,05-12-2003,State Trading Corporation of India Ltd.,Inclusion into Index
Nifty 500,05-12-2003,United Phosphorous Ltd. -Sus,Exclusion from Index
Nifty 500,11-12-2003,Indian Aluminium Co. Ltd.,Exclusion from Index
Nifty 500,11-12-2003,Indo Gulf Fertilisers Ltd.,Inclusion into Index
Nifty 500,02-01-2004,Mukand Ltd.- Old,Exclusion from Index
Nifty 500,02-01-2004,SML Isuzu Ltd.,Inclusion into Index
Nifty 500,28-01-2004,Centurion Bank Ltd.,Exclusion from Index
Nifty 500,28-01-2004,JSW Steel Ltd.,Inclusion into Index
Nifty 500,01-03-2004,Bank of Rajasthan Ltd.,Exclusion from Index
Nifty 500,01-03-2004,Maruti Suzuki India Ltd.,Inclusion into Index
Nifty 500,15-03-2004,Automotive Axles Ltd.,Inclusion into Index
Nifty 500,15-03-2004,Balaji Distilleries Ltd.,Exclusion from Index
Nifty 500,15-03-2004,Godrej Industries Ltd.,Inclusion into Index
Nifty 500,15-03-2004,Indo Rama Synthetics Ltd.,Inclusion into Index
Nifty 500,15-03-2004,Nava Bharat Ventures Ltd.,Inclusion into Index
Nifty 500,15-03-2004,Oswal Chemicals & Fertilizers Ltd.,Exclusion from Index
Nifty 500,15-03-2004,PSI Data Systems Ltd.,Exclusion from Index
Nifty 500,15-03-2004,Rain Industries Ltd,Exclusion from Index
Nifty 500,22-03-2004,Jaiprakash Industries Ltd.- Suspended,Exclusion from Index
Nifty 500,22-03-2004,Rane Engine Valves Ltd. -old,Inclusion into Index
Nifty 500,12-04-2004,Digital Globalsoft Ltd.,Exclusion from Index
Nifty 500,12-04-2004,Munjal Auto Industries Ltd.,Inclusion into Index
Nifty 500,16-04-2004,Lakshmi Auto Components Ltd.- Delisted,Exclusion from Index
Nifty 500,16-04-2004,Rane Brake Linings Ltd. -old,Inclusion into Index
Nifty 500,24-05-2004,Larsen & Toubro Ltd.-Sus,Exclusion from Index
Nifty 500,24-05-2004,UCO Bank,Inclusion into Index
Nifty 500,14-06-2004,Hind Lever Chemicals Ltd.,Exclusion from Index
Nifty 500,14-06-2004,Welspun Corp Ltd.,Inclusion into Index
Nifty 500,09-07-2004,Ashok Leyland Finance Ltd.,Exclusion from Index
Nifty 500,09-07-2004,Bhushan Steel Ltd.,Inclusion into Index
Nifty 500,09-07-2004,NIIT Ltd.-Sus,Exclusion from Index
Nifty 500,09-07-2004,Welspun India Ltd.,Inclusion into Index
Nifty 500,27-08-2004,Dredging Corporation of India Ltd.,Inclusion into Index
Nifty 500,27-08-2004,Global Trust Bank Ltd.,Exclusion from Index
Nifty 500,30-08-2004,Eicher Ltd.,Exclusion from Index
Nifty 500,30-08-2004,UPL Ltd.,Inclusion into Index
Nifty 500,18-11-2004,Compudyne Winfosystems Ltd.,Exclusion from Index
Nifty 500,18-11-2004,Larsen & Toubro Ltd.,Inclusion into Index
Nifty 500,10-12-2004,AXIS IT&T Ltd.,Exclusion from Index
Nifty 500,10-12-2004,Atcom Technologies Ltd.,Exclusion from Index
Nifty 500,10-12-2004,BPL Engineering Ltd.,Exclusion from Index
Nifty 500,10-12-2004,Biocon Ltd.,Inclusion into Index
Nifty 500,10-12-2004,Dishman Pharmaceuticals & Chemicals Ltd.,Inclusion into Index
Nifty 500,10-12-2004,HeidelbergCement India Ltd.,Exclusion from Index
Nifty 500,10-12-2004,IFCI Ltd.,Exclusion from Index
Nifty 500,10-12-2004,ITD Cementation India Ltd.,Exclusion from Index
Nifty 500,10-12-2004,ITI Ltd.,Exclusion from Index
Nifty 500,10-12-2004,Indraprastha Gas Ltd.,Inclusion into Index
Nifty 500,10-12-2004,Jaiprakash Associates Ltd.,Inclusion into Index
Nifty 500,10-12-2004,LG Balakrishnan & Bros Ltd.,Inclusion into Index
Nifty 500,10-12-2004,LML Ltd.,Exclusion from Index
Nifty 500,10-12-2004,Madras Fertilizers Ltd.,Exclusion from Index
Nifty 500,10-12-2004,Matrix Laboratories Ltd.,Inclusion into Index
Nifty 500,10-12-2004,Monnet Ispat and Energy Ltd.,Inclusion into Index
Nifty 500,10-12-2004,NCC Ltd.,Inclusion into Index
Nifty 500,10-12-2004,NDTV Ltd.,Inclusion into Index
Nifty 500,10-12-2004,NOCIL Ltd.,Exclusion from Index
Nifty 500,10-12-2004,Parekh Platinum Ltd.,Exclusion from Index
Nifty 500,10-12-2004,Patni Computer Systems Ltd.,Inclusion into Index
Nifty 500,10-12-2004,Peninsula Land Ltd.,Exclusion from Index
Nifty 500,10-12-2004,Petronet LNG Ltd.,Inclusion into Index
Nifty 500,10-12-2004,Procter & Gamble Hygiene & Health Care Ltd.,Inclusion into Index
Nifty 500,10-12-2004,R. S. Software (India) Ltd.,Exclusion from Index
Nifty 500,10-12-2004,RPG Cables Ltd.,Exclusion from Index
Nifty 500,10-12-2004,Shree Rama Newsprint Ltd.,Inclusion into Index
Nifty 500,10-12-2004,Snowcem India Ltd.,Exclusion from Index
Nifty 500,10-12-2004,Sona Koyo Steering Systems Ltd.,Inclusion into Index
Nifty 500,10-12-2004,Southern Petrochemicals Industries Corporation Ltd.,Exclusion from Index
Nifty 500,10-12-2004,Sterlite Industries (India) Ltd.,Inclusion into Index
Nifty 500,10-12-2004,Strides Arcolab Ltd.,Inclusion into Index
Nifty 500,10-12-2004,Suryalakshmi Cotton Mills Ltd.,Inclusion into Index
Nifty 500,10-12-2004,TV Today Network Ltd.,Inclusion into Index
Nifty 500,10-12-2004,Yokogawa Ltd.,Exclusion from Index
Nifty 500,10-12-2004,e-Serve International Ltd.,Exclusion from Index
Nifty 500,22-12-2004,Jindal Photo Ltd.,Exclusion from Index
Nifty 500,22-12-2004,Tata Consultancy Services Ltd.,Inclusion into Index
Nifty 500,05-01-2005,India Gypsum Ltd.,Exclusion from Index
Nifty 500,05-01-2005,UltraTech Cement Ltd.,Inclusion into Index
Nifty 500,18-02-2005,Indiabulls Financial Services Ltd.,Inclusion into Index
Nifty 500,18-02-2005,Jindal Iron & Steel Co. Ltd.,Exclusion from Index
Nifty 500,21-02-2005,JSW Steel Ltd.,Exclusion from Index
Nifty 500,21-02-2005,Jindal Stainless Ltd.,Inclusion into Index
Nifty 500,04-03-2005,Bosch Chassis Systems India Ltd.,Inclusion into Index
Nifty 500,04-03-2005,Pharmacia Healthcare Ltd.,Exclusion from Index
Nifty 500,15-03-2005,Eveready Industries India Ltd.,Exclusion from Index
Nifty 500,15-03-2005,Shriram Investments Ltd.-Merged,Inclusion into Index
Nifty 500,24-03-2005,NTPC Ltd.,Inclusion into Index
Nifty 500,24-03-2005,Wimco Ltd.-Delisted,Exclusion from Index
Nifty 500,06-04-2005,Suryalakshmi Cotton Mills Ltd.,Exclusion from Index
Nifty 500,06-04-2005,Tata Metaliks Ltd.,Inclusion into Index
Nifty 500,08-04-2005,Gujarat NRE Coke Ltd.,Inclusion into Index
Nifty 500,08-04-2005,ITC Hotels Ltd.,Exclusion from Index
Nifty 500,13-04-2005,Fresenius Kabi Oncology Ltd.,Inclusion into Index
Nifty 500,13-04-2005,Vardhman Holdings Ltd.,Exclusion from Index
Nifty 500,20-04-2005,Aarti Industries Ltd.,Inclusion into Index
Nifty 500,20-04-2005,Eicher Ltd.,Inclusion into Index
Nifty 500,20-04-2005,Radico Khaitan Ltd,Inclusion into Index
Nifty 500,20-04-2005,Shirpur Gold Refinery Ltd.,Exclusion from Index
Nifty 500,20-04-2005,Wellwin Industry Ltd.,Exclusion from Index
Nifty 500,20-04-2005,Welspun Corp Ltd.,Exclusion from Index
Nifty 500,25-04-2005,Essar Steel Ltd.,Exclusion from Index
Nifty 500,25-04-2005,Ind-Swift Laboratories Ltd.,Inclusion into Index
Nifty 500,09-05-2005,IDBI Bank Ltd.-OLD,Exclusion from Index
Nifty 500,09-05-2005,Vishal Exports Overseas Ltd.,Inclusion into Index
Nifty 500,29-06-2005,Morepen Laboratories Ltd.,Exclusion from Index
Nifty 500,29-06-2005,Patel Engineering Ltd.,Inclusion into Index
Nifty 500,05-08-2005,Jet Airways (India) Ltd.,Inclusion into Index
Nifty 500,05-08-2005,Tata Finance Ltd.,Exclusion from Index
Nifty 500,26-09-2005,Ashima Ltd.,Exclusion from Index
Nifty 500,26-09-2005,Bhansali Engineering Polymers Ltd.,Inclusion into Index
Nifty 500,26-09-2005,Consolidated Finvest & Holdings Ltd.,Inclusion into Index
Nifty 500,26-09-2005,Creative Eye Ltd.,Exclusion from Index
Nifty 500,26-09-2005,Cybertech Systems & Software Ltd.,Exclusion from Index
Nifty 500,26-09-2005,DSQ Software Ltd.,Exclusion from Index
Nifty 500,26-09-2005,Digjam Ltd.,Exclusion from Index
Nifty 500,26-09-2005,Dwarikesh Sugar Industrial Ltd.,Inclusion into Index
Nifty 500,26-09-2005,Gateway Distriparks Ltd.,Inclusion into Index
Nifty 500,26-09-2005,HSIL Ltd.,Inclusion into Index
Nifty 500,26-09-2005,Hindustan Organic Chemicals Ltd.,Exclusion from Index
Nifty 500,26-09-2005,Narmada Chematur Petrochemicals Ltd.,Inclusion into Index
Nifty 500,26-09-2005,Rajesh Exports Ltd.,Inclusion into Index
Nifty 500,26-09-2005,Tamilnadu Telecommunications Ltd.,Exclusion from Index
Nifty 500,06-10-2005,Bank of Punjab Ltd.,Exclusion from Index
Nifty 500,06-10-2005,JSW Steel Ltd.,Inclusion into Index
Nifty 500,08-12-2005,Financial Technologies (India) Ltd.,Inclusion into Index
Nifty 500,08-12-2005,JSW ISPAT Steel Ltd.,Exclusion from Index
Nifty 500,14-12-2005,Essar Steel Ltd.,Inclusion into Index
Nifty 500,14-12-2005,Shriram Investments Ltd.-Merged,Exclusion from Index
Nifty 500,06-01-2006,Shoppers Stop Ltd.,Inclusion into Index
Nifty 500,06-01-2006,Videocon International Ltd.,Exclusion from Index
Nifty 500,03-02-2006,Flextronics Software Systems Ltd.,Exclusion from Index
Nifty 500,03-02-2006,IDFC Ltd.,Inclusion into Index
Nifty 500,02-03-2006,BSL Ltd.,Exclusion from Index
Nifty 500,02-03-2006,Fertilisers and Chemicals Travancore Ltd.,Exclusion from Index
Nifty 500,02-03-2006,Gokaldas Exports Ltd.,Inclusion into Index
Nifty 500,02-03-2006,Greaves Cotton Ltd.,Inclusion into Index
Nifty 500,02-03-2006,HSBC InvestDirect (India) Ltd.,Inclusion into Index
Nifty 500,02-03-2006,HT Media Ltd.,Inclusion into Index
Nifty 500,02-03-2006,India Glycols Ltd.,Inclusion into Index
Nifty 500,02-03-2006,KDL Biotech Ltd.,Exclusion from Index
Nifty 500,02-03-2006,Mercator Ltd.,Inclusion into Index
Nifty 500,02-03-2006,Regency Ceramics Ltd.,Exclusion from Index
Nifty 500,02-03-2006,Shree Rama Multi Tech Ltd.,Exclusion from Index
Nifty 500,02-03-2006,Simplex Infrastructures Ltd.,Inclusion into Index
Nifty 500,02-03-2006,Tata Teleservices (Maharashtra) Ltd.,Exclusion from Index
Nifty 500,02-03-2006,Vinyl Chemicals (India) Ltd.,Exclusion from Index
Nifty 500,23-03-2006,Suzlon Energy Ltd.,Inclusion into Index
Nifty 500,23-03-2006,Vashisti Detergents Ltd.,Exclusion from Index
Nifty 500,10-04-2006,Indo Gulf Fertilisers Ltd.,Exclusion from Index
Nifty 500,10-04-2006,Triveni Engineering & Industries Ltd.,Inclusion into Index
Nifty 500,13-04-2006,Clariant (India) Ltd.,Exclusion from Index
Nifty 500,13-04-2006,Shree Renuka Sugars Ltd.,Inclusion into Index
Nifty 500,17-05-2006,Munjal Auto Industries Ltd.,Exclusion from Index
Nifty 500,17-05-2006,Deccan Chronicle Holdings Ltd.,Inclusion into Index
Nifty 500,10-07-2006,Birla Global Finance Ltd.,Exclusion from Index
Nifty 500,10-07-2006,Reliance Communications Ltd.,Inclusion into Index
Nifty 500,14-07-2006,Videocon Industries Ltd.,Inclusion into Index
Nifty 500,14-07-2006,Williamson Tea Assam Ltd.,Exclusion from Index
Nifty 500,25-07-2006,Shyam Telecom Ltd.,Exclusion from Index
Nifty 500,25-07-2006,Reliance Natural Resources Ltd.,Inclusion into Index
Nifty 500,02-08-2006,Shree Rama Newsprint Ltd.,Exclusion from Index
Nifty 500,02-08-2006,B L Kashyap & Sons Ltd.,Inclusion into Index
Nifty 500,10-08-2006,Infomedia Press Ltd.,Exclusion from Index
Nifty 500,10-08-2006,Punj Lloyd Ltd.,Inclusion into Index
Nifty 500,13-09-2006,Pentasoft Technologies Ltd.,Exclusion from Index
Nifty 500,13-09-2006,Pentamedia Graphics Ltd.,Exclusion from Index
Nifty 500,13-09-2006,Kitply Industries Ltd.,Exclusion from Index
Nifty 500,13-09-2006,Ansal Properties & Infrastructure Ltd.,Inclusion into Index
Nifty 500,13-09-2006,Kirloskar Brothers Ltd.,Inclusion into Index
Nifty 500,13-09-2006,Kalpataru Power Transmission Ltd.,Inclusion into Index
Nifty 500,21-09-2006,Torrent Power AEC Ltd.,Exclusion from Index
Nifty 500,21-09-2006,Inox Leisure Ltd.,Inclusion into Index
Nifty 500,22-09-2006,Kochi Refineries Ltd.,Exclusion from Index
Nifty 500,22-09-2006,Sun TV Network Ltd.,Inclusion into Index
Nifty 500,28-09-2006,Manali Petrochemicals Ltd.,Exclusion from Index
Nifty 500,28-09-2006,Gitanjali Gems Ltd.,Inclusion into Index
Nifty 500,05-10-2006,Mahindra & Mahindra Financial Services Ltd.,Inclusion into Index
Nifty 500,05-10-2006,Welspun Corp Ltd.,Inclusion into Index
Nifty 500,05-10-2006,Central India Polyesters Ltd.,Exclusion from Index
Nifty 500,05-10-2006,United Western Bank Ltd.,Exclusion from Index
Nifty 500,08-11-2006,Great Eastern Shipping Co. Ltd.,Exclusion from Index
Nifty 500,08-11-2006,Era Infra Engineering Ltd.,Inclusion into Index
Nifty 500,17-11-2006,D.S. Kulkarni Developers Ltd.,Inclusion into Index
Nifty 500,17-11-2006,Television Eighteen India Ltd.,Exclusion from Index
Nifty 500,15-12-2006,FCL Technologies & Products Ltd.,Exclusion from Index
Nifty 500,15-12-2006,GMR Infrastructure Ltd.,Inclusion into Index
Nifty 500,24-01-2007,Nahar Spinning Mills Ltd.,Exclusion from Index
Nifty 500,24-01-2007,Nahar Poly Films Ltd.,Exclusion from Index
Nifty 500,24-01-2007,Tech Mahindra Ltd.,Inclusion into Index
Nifty 500,24-01-2007,Shree Precoated Steels Ltd.,Inclusion into Index
Nifty 500,06-03-2007,Eicher Ltd.,Exclusion from Index
Nifty 500,06-03-2007,Unity Infraprojects Ltd.,Inclusion into Index
Nifty 500,15-03-2007,Narmada Chematur Petrochemicals Ltd.,Exclusion from Index
Nifty 500,15-03-2007,Hindustan Zinc Ltd.,Inclusion into Index
Nifty 500,29-03-2007,Hinduja Ventures Ltd.,Exclusion from Index
Nifty 500,29-03-2007,Great Eastern Shipping Co. Ltd.,Inclusion into Index
Nifty 500,04-04-2007,Cinevista Ltd.,Exclusion from Index
Nifty 500,04-04-2007,Maars Software International Ltd.,Exclusion from Index
Nifty 500,04-04-2007,Melstar Information Technologies Ltd.,Exclusion from Index
Nifty 500,04-04-2007,Trigyn Technologies Ltd.,Exclusion from Index
Nifty 500,04-04-2007,Jain Studios Ltd.,Exclusion from Index
Nifty 500,04-04-2007,Tips Industries Ltd.,Exclusion from Index
Nifty 500,04-04-2007,GTN Industries Ltd.,Exclusion from Index
Nifty 500,04-04-2007,Atlas Cycle (Haryana) Ltd.,Exclusion from Index
Nifty 500,04-04-2007,Orient Information Technologies Ltd.,Exclusion from Index
Nifty 500,04-04-2007,Pritish Nandy Communications Ltd.,Exclusion from Index
Nifty 500,04-04-2007,Noida-Toll Bridge Co. Ltd.,Inclusion into Index
Nifty 500,04-04-2007,Jagran Prakashan Ltd.,Inclusion into Index
Nifty 500,04-04-2007,McLeod Russel India Ltd.,Inclusion into Index
Nifty 500,04-04-2007,Allcargo Logistics Ltd.,Inclusion into Index
Nifty 500,04-04-2007,Bombay Rayon Fashions Ltd.,Inclusion into Index
Nifty 500,04-04-2007,Uttam Sugar Mills Ltd.,Inclusion into Index
Nifty 500,04-04-2007,Varun Shipping Co. Ltd.,Inclusion into Index
Nifty 500,04-04-2007,Geojit BNP Paribas Financial Services Ltd.,Inclusion into Index
Nifty 500,04-04-2007,Amtek India Ltd.,Inclusion into Index
Nifty 500,04-04-2007,Entertainment Network India Ltd.,Inclusion into Index
Nifty 500,30-04-2007,Visualsoft Technologies Ltd.,Exclusion from Index
Nifty 500,30-04-2007,Parsvnath Developer Ltd.,Inclusion into Index
Nifty 500,04-06-2007,IBP Co. Ltd.,Exclusion from Index
Nifty 500,04-06-2007,Lanco Infratech Ltd.,Inclusion into Index
Nifty 500,10-09-2007,FCI OEN Connectors Ltd.,Exclusion from Index
Nifty 500,10-09-2007,Indiabulls Real Estate Ltd.,Inclusion into Index
Nifty 500,24-09-2007,Patspin India Ltd.,Exclusion from Index
Nifty 500,24-09-2007,S.B.& T. International Ltd.,Exclusion from Index
Nifty 500,24-09-2007,Jagsonpal Pharmaceuticals Ltd.,Exclusion from Index
Nifty 500,24-09-2007,GSL Nova Petrochemicals Ltd.,Exclusion from Index
Nifty 500,24-09-2007,Onward Technologies Ltd.,Exclusion from Index
Nifty 500,24-09-2007,Pudumjee Pulp & Paper Mills Ltd.,Exclusion from Index
Nifty 500,24-09-2007,Maral Overseas Ltd.,Exclusion from Index
Nifty 500,24-09-2007,Birla Ericsson Optical Ltd.,Exclusion from Index
Nifty 500,24-09-2007,Kakatiya Cement Sugar & Industries Ltd.,Exclusion from Index
Nifty 500,24-09-2007,Todays Writing Instruments Ltd.,Exclusion from Index
Nifty 500,24-09-2007,Lakshmi Energy & Foods Ltd.,Inclusion into Index
Nifty 500,24-09-2007,Oswal Chemicals & Fertilizers Ltd.,Inclusion into Index
Nifty 500,24-09-2007,Provogue (India) Ltd.,Inclusion into Index
Nifty 500,24-09-2007,JM Financial Ltd.,Inclusion into Index
Nifty 500,24-09-2007,Power Finance Corporation Ltd.,Inclusion into Index
Nifty 500,24-09-2007,Television Eighteen India Ltd.,Inclusion into Index
Nifty 500,24-09-2007,Sobha Developers Ltd.,Inclusion into Index
Nifty 500,24-09-2007,Donear Industries Ltd.,Inclusion into Index
Nifty 500,24-09-2007,Idea Cellular Ltd.,Inclusion into Index
Nifty 500,24-09-2007,GTL Infrastructure Ltd.,Inclusion into Index
Nifty 500,05-10-2007,Indian Petrochemicals Corporation Ltd.,Exclusion from Index
Nifty 500,05-10-2007,MindTree Ltd.,Inclusion into Index
Nifty 500,25-10-2007,Sri Adhikari Brothers Television Network Ltd.,Exclusion from Index
Nifty 500,25-10-2007,Educomp Solutions Ltd.,Inclusion into Index
Nifty 500,29-11-2007,Colgate Palmolive (India) Ltd.,Exclusion from Index
Nifty 500,29-11-2007,TV18 Broadcast Ltd.,Inclusion into Index
Nifty 500,07-12-2007,Essar Steel Ltd.,Exclusion from Index
Nifty 500,07-12-2007,DLF Ltd.,Inclusion into Index
Nifty 500,26-12-2007,Rain Calcining Ltd.,Exclusion from Index
Nifty 500,26-12-2007,Ceat Ltd.,Exclusion from Index
Nifty 500,26-12-2007,India Infoline Ltd.,Inclusion into Index
Nifty 500,26-12-2007,Firstsource Solutions Ltd.,Inclusion into Index
Nifty 500,01-01-2008,Indiabulls Financial Services Ltd.,Exclusion from Index
Nifty 500,01-01-2008,Hubtown Ltd.,Inclusion into Index
Nifty 500,28-01-2008,iGate Global Solutions Ltd.,Exclusion from Index
Nifty 500,28-01-2008,Info Edge (India) Ltd.,Inclusion into Index
Nifty 500,15-02-2008,Piramal Enterprises Ltd.,Exclusion from Index
Nifty 500,15-02-2008,Siti Cable Network Ltd.,Inclusion into Index
Nifty 500,15-02-2008,Rane Engine Valves Ltd. -old,Exclusion from Index
Nifty 500,15-02-2008,Rane Brake Linings Ltd. -old,Exclusion from Index
Nifty 500,15-02-2008,Godavari Fertilisers & Chemicals Ltd.,Exclusion from Index
Nifty 500,15-02-2008,Brabourne Enterprises Ltd.,Exclusion from Index
Nifty 500,15-02-2008,Pearl Global Industries Ltd.,Inclusion into Index
Nifty 500,15-02-2008,Anant Raj Ltd.,Inclusion into Index
Nifty 500,15-02-2008,NIIT Ltd.,Inclusion into Index
Nifty 500,15-02-2008,ABG Shipyard Ltd.,Inclusion into Index
Nifty 500,29-02-2008,Ballarpur Industries Ltd.,Exclusion from Index
Nifty 500,29-02-2008,Zee Media Corporation Ltd.,Inclusion into Index
Nifty 500,14-03-2008,Bajaj Auto Ltd.,Exclusion from Index
Nifty 500,14-03-2008,Power Grid Corporation of India Ltd.,Inclusion into Index
Nifty 500,23-04-2008,Elgi Rubber Company Ltd.,Exclusion from Index
Nifty 500,23-04-2008,Housing Development and Infrastructure Ltd.,Inclusion into Index
Nifty 500,24-04-2008,Sundaram Clayton Ltd.- OLD,Exclusion from Index
Nifty 500,24-04-2008,S. Kumars Nationwide Ltd.,Exclusion from Index
Nifty 500,24-04-2008,Indiabulls Financial Services Ltd.,Inclusion into Index
Nifty 500,24-04-2008,Adani Ports and Special Economic Zone Ltd.,Inclusion into Index
Nifty 500,21-05-2008,LG Balakrishnan & Bros Ltd.,Exclusion from Index
Nifty 500,21-05-2008,Edelweiss Financial Services Ltd.,Inclusion into Index
Nifty 500,10-09-2008,Blue Star Infotech Ltd.,Exclusion from Index
Nifty 500,10-09-2008,Zenith Computer Ltd.,Exclusion from Index
Nifty 500,10-09-2008,Vardhman Polytex Ltd.,Exclusion from Index
Nifty 500,10-09-2008,Archies Ltd.,Exclusion from Index
Nifty 500,10-09-2008,Accelya Kale Solutions Ltd.,Exclusion from Index
Nifty 500,10-09-2008,Indian Card Clothing Co. Ltd.,Exclusion from Index
Nifty 500,10-09-2008,Kopran Ltd.,Exclusion from Index
Nifty 500,10-09-2008,Sundaram Brake Linings Ltd.,Exclusion from Index
Nifty 500,10-09-2008,India Nippon Electricals Ltd.,Exclusion from Index
Nifty 500,10-09-2008,Visaka Industries Ltd.,Exclusion from Index
Nifty 500,10-09-2008,Bajaj Auto Ltd.,Inclusion into Index
Nifty 500,10-09-2008,Reliance Power Ltd.,Inclusion into Index
Nifty 500,10-09-2008,NMDC Ltd.,Inclusion into Index
Nifty 500,10-09-2008,Rei Agro Ltd.,Inclusion into Index
Nifty 500,10-09-2008,Bajaj Holdings & Investment Ltd.,Inclusion into Index
Nifty 500,10-09-2008,Fortis Healthcare Ltd.,Inclusion into Index
Nifty 500,10-09-2008,Essar Ports Ltd.,Inclusion into Index
Nifty 500,10-09-2008,S. Kumars Nationwide Ltd.,Inclusion into Index
Nifty 500,10-09-2008,Rural Electrification Corporation Ltd.,Inclusion into Index
Nifty 500,10-09-2008,Castrol (India) Ltd.,Inclusion into Index
Nifty 500,22-09-2008,Rei Agro Ltd.,Exclusion from Index
Nifty 500,22-09-2008,Reliance Petroleum Ltd.,Inclusion into Index
Nifty 500,31-10-2008,Bosch Chassis Systems India Ltd.,Exclusion from Index
Nifty 500,31-10-2008,Bajaj Finserv Ltd.,Inclusion into Index
Nifty 500,05-11-2008,MPS Ltd.,Exclusion from Index
Nifty 500,05-11-2008,Omaxe Ltd.,Inclusion into Index
Nifty 500,03-12-2008,Kothari Products Ltd.,Exclusion from Index
Nifty 500,03-12-2008,Religare Enterprises Ltd.,Inclusion into Index
Nifty 500,29-12-2008,Cadila Healthcare Ltd.,Exclusion from Index
Nifty 500,29-12-2008,Colgate Palmolive (India) Ltd.,Inclusion into Index
Nifty 500,12-01-2009,Satyam Computer Services Ltd.,Exclusion from Index
Nifty 500,12-01-2009,Cairn India Ltd.,Inclusion into Index
Nifty 500,25-02-2009,Punjab Tractors Ltd.,Exclusion from Index
Nifty 500,25-02-2009,GVK Power & Infrastructures Ltd.,Inclusion into Index
Nifty 500,27-03-2009,Styrolution ABS (India) Ltd.,Exclusion from Index
Nifty 500,27-03-2009,Foseco India Ltd.,Exclusion from Index
Nifty 500,27-03-2009,DIC India Ltd.,Exclusion from Index
Nifty 500,27-03-2009,Maharashtra Scooters Ltd.,Exclusion from Index
Nifty 500,27-03-2009,NEPC India Ltd,Exclusion from Index
Nifty 500,27-03-2009,Summit Securities Ltd.- Old,Exclusion from Index
Nifty 500,27-03-2009,Sandesh Ltd.,Exclusion from Index
Nifty 500,27-03-2009,Samtel Color Ltd.,Exclusion from Index
Nifty 500,27-03-2009,SML Isuzu Ltd.,Exclusion from Index
Nifty 500,27-03-2009,Salora International Ltd.,Exclusion from Index
Nifty 500,27-03-2009,Siti Cable Network Ltd.,Exclusion from Index
Nifty 500,27-03-2009,Wheels India Ltd.,Exclusion from Index
Nifty 500,27-03-2009,Thiru Arooran Sugars Ltd.,Exclusion from Index
Nifty 500,27-03-2009,Vishal Exports Overseas Ltd.,Exclusion from Index
Nifty 500,27-03-2009,Vindhya Telelinks Ltd.,Exclusion from Index
Nifty 500,27-03-2009,Advanta Ltd.,Inclusion into Index
Nifty 500,27-03-2009,Capital First Ltd.,Inclusion into Index
Nifty 500,27-03-2009,V2 Retail Ltd.,Inclusion into Index
Nifty 500,27-03-2009,Puravankara Projects Ltd.,Inclusion into Index
Nifty 500,27-03-2009,Piramal Enterprises Ltd.,Inclusion into Index
Nifty 500,27-03-2009,UTV Software Communication Ltd.,Inclusion into Index
Nifty 500,27-03-2009,Alstom T&D India Ltd.,Inclusion into Index
Nifty 500,27-03-2009,Chettinad Cement Corporation Ltd.,Inclusion into Index
Nifty 500,27-03-2009,IRB Infrastructure Developers Ltd.,Inclusion into Index
Nifty 500,27-03-2009,Koutons Retail India Ltd.,Inclusion into Index
Nifty 500,27-03-2009,K.S. Oils Ltd.,Inclusion into Index
Nifty 500,27-03-2009,Ballarpur Industries Ltd.,Inclusion into Index
Nifty 500,27-03-2009,National Fertilizers Ltd.,Inclusion into Index
Nifty 500,27-03-2009,Jai Corp Ltd.,Inclusion into Index
Nifty 500,27-03-2009,Dynamatic Technologies Ltd.,Inclusion into Index
Nifty 500,17-04-2009,RSWM Ltd.,Exclusion from Index
Nifty 500,17-04-2009,Motilal Oswal Financial Services Ltd.,Inclusion into Index
Nifty 500,21-04-2009,Bongaigaon Refinery & Petrochemicals Ltd.,Exclusion from Index
Nifty 500,21-04-2009,Cadila Healthcare Ltd.,Inclusion into Index
Nifty 500,11-05-2009,Rei Agro Ltd.,Inclusion into Index
Nifty 500,11-05-2009,Shree Precoated Steels Ltd.,Exclusion from Index
Nifty 500,17-06-2009,Phoenix Mills Ltd.,Inclusion into Index
Nifty 500,17-06-2009,Reliance Petroleum Ltd.,Exclusion from Index
Nifty 500,19-06-2009,Tulip Telecom Ltd.,Inclusion into Index
Nifty 500,19-06-2009,Welspun India Ltd.,Exclusion from Index
Nifty 500,23-06-2009,Aztecsoft Ltd.,Exclusion from Index
Nifty 500,23-06-2009,Century Plyboards (India) Ltd.,Inclusion into Index
Nifty 500,31-07-2009,Reliance MediaWorks Ltd.,Exclusion from Index
Nifty 500,31-07-2009,Torrent Power Ltd.,Inclusion into Index
Nifty 500,14-08-2009,Indiabulls Securities Ltd.,Inclusion into Index
Nifty 500,14-08-2009,Matrix Laboratories Ltd.,Exclusion from Index
Nifty 500,22-10-2009,Agro Dutch Industries Ltd.,Exclusion from Index
Nifty 500,22-10-2009,MRO-TEK Ltd.,Exclusion from Index
Nifty 500,22-10-2009,UCAL Fuel Systems Ltd.,Exclusion from Index
Nifty 500,22-10-2009,Chettinad Cement Corporation Ltd.,Exclusion from Index
Nifty 500,22-10-2009,Crest Animation Studios Ltd.,Exclusion from Index
Nifty 500,22-10-2009,Honda SIEL Power Products Ltd.,Exclusion from Index
Nifty 500,22-10-2009,Lumax Industries Ltd.,Exclusion from Index
Nifty 500,22-10-2009,Seshasayee Paper & Boards Ltd.,Exclusion from Index
Nifty 500,22-10-2009,Uttam Sugar Mills Ltd.,Exclusion from Index
Nifty 500,22-10-2009,Value Industries Ltd.,Exclusion from Index
Nifty 500,22-10-2009,IFCI Ltd.,Inclusion into Index
Nifty 500,22-10-2009,United Breweries Ltd.,Inclusion into Index
Nifty 500,22-10-2009,JSW ISPAT Steel Ltd.,Inclusion into Index
Nifty 500,22-10-2009,PTC India Ltd.,Inclusion into Index
Nifty 500,22-10-2009,GOL Offshore Ltd.,Inclusion into Index
Nifty 500,22-10-2009,Kec International Ltd.,Inclusion into Index
Nifty 500,22-10-2009,Gujarat State Petronet Ltd.,Inclusion into Index
Nifty 500,22-10-2009,Yes Bank Ltd.,Inclusion into Index
Nifty 500,22-10-2009,Everest Kanto Cylinder Ltd.,Inclusion into Index
Nifty 500,22-10-2009,Redington (India) Ltd.,Inclusion into Index
Nifty 500,22-12-2009,3i Infotech Ltd.,Inclusion into Index
Nifty 500,22-12-2009,Zandu Realty Ltd.,Exclusion from Index
Nifty 500,24-02-2010,Asian Hotels (North) Ltd.,Exclusion from Index
Nifty 500,24-02-2010,Peninsula Land Ltd.,Inclusion into Index
Nifty 500,09-03-2010,Brigade Enterprises Ltd.,Inclusion into Index
Nifty 500,09-03-2010,Kirloskar Brothers Ltd.,Exclusion from Index
Nifty 500,06-04-2010,Micro Inks Ltd.,Exclusion from Index
Nifty 500,06-04-2010,NHPC Ltd.,Inclusion into Index
Nifty 500,08-04-2010,Banco Products (India) Ltd.,Inclusion into Index
Nifty 500,08-04-2010,Binani Cement Ltd.,Inclusion into Index
Nifty 500,08-04-2010,Consolidated Finvest & Holdings Ltd.,Exclusion from Index
Nifty 500,08-04-2010,Donear Industries Ltd.,Exclusion from Index
Nifty 500,08-04-2010,Gammon Infrastructure Projects Ltd.,Inclusion into Index
Nifty 500,08-04-2010,JSW Holdings Ltd.,Inclusion into Index
Nifty 500,08-04-2010,Karuturi Global Ltd.,Inclusion into Index
Nifty 500,08-04-2010,Mukta Arts Ltd,Exclusion from Index
Nifty 500,08-04-2010,Sirpur Paper Mills Ltd.,Exclusion from Index
Nifty 500,08-04-2010,Smartlink Network Systems Ltd.,Exclusion from Index
Nifty 500,15-04-2010,Adani Power Ltd.,Inclusion into Index
Nifty 500,15-04-2010,Kirloskar Industries Ltd.,Exclusion from Index
Nifty 500,15-04-2010,Oil India Ltd.,Inclusion into Index
Nifty 500,15-04-2010,Zee Media Corporation Ltd.,Exclusion from Index
Nifty 500,26-05-2010,Grasim Industries Ltd.,Exclusion from Index
Nifty 500,26-05-2010,JSW Energy Ltd.,Inclusion into Index
Nifty 500,08-07-2010,HSBC InvestDirect (India) Ltd.,Exclusion from Index
Nifty 500,08-07-2010,Tinplate Company of India Ltd.,Inclusion into Index
Nifty 500,31-08-2010,Grasim Industries Ltd.,Inclusion into Index
Nifty 500,31-08-2010,Harrisons Malayalam Ltd.,Exclusion from Index
Nifty 500,17-09-2010,Future Retail Ltd.,Exclusion from Index
Nifty 500,17-09-2010,Jaypee Infratech Ltd.,Inclusion into Index
Nifty 500,24-09-2010,D B Realty Ltd.,Inclusion into Index
Nifty 500,24-09-2010,Dalmia Bharat Sugar and Industries Ltd.,Exclusion from Index
Nifty 500,07-10-2010,Jaiprakash Power Ventures Ltd.,Inclusion into Index
Nifty 500,07-10-2010,Jubilant Foodworks Ltd.,Inclusion into Index
Nifty 500,07-10-2010,Reliance Natural Resources Ltd.,Exclusion from Index
Nifty 500,07-10-2010,Zee Entertainment Enterprises Ltd.,Exclusion from Index
Nifty 500,25-11-2010,Jubilant Life Sciences Ltd.,Exclusion from Index
Nifty 500,25-11-2010,Sunteck Realty Ltd.,Inclusion into Index
Nifty 500,20-01-2011,Hathway Cable & Datacom Ltd.,Inclusion into Index
Nifty 500,20-01-2011,Hindustan Motors Ltd.,Exclusion from Index
Nifty 500,20-01-2011,Next Mediaworks Ltd.,Exclusion from Index
Nifty 500,20-01-2011,Shree Ashtavinayak Cine Vision Ltd.,Inclusion into Index
Nifty 500,08-02-2011,Himachal Fut Com Ltd.- Old,Exclusion from Index
Nifty 500,08-02-2011,Reliance MediaWorks Ltd.,Inclusion into Index
Nifty 500,24-03-2011,Nirma Ltd.,Exclusion from Index
Nifty 500,24-03-2011,Orbit Corporation Ltd.,Inclusion into Index
Nifty 500,25-03-2011,AGC Networks Ltd.,Exclusion from Index
Nifty 500,25-03-2011,Ajanta Pharmaceuticals Ltd.,Exclusion from Index
Nifty 500,25-03-2011,Allied Digital Services Ltd.,Inclusion into Index
Nifty 500,25-03-2011,Asian Electronics Ltd.,Exclusion from Index
Nifty 500,25-03-2011,BGR Energy Systems Ltd,Inclusion into Index
Nifty 500,25-03-2011,BPL Ltd.,Exclusion from Index
Nifty 500,25-03-2011,Bajaj Electricals Ltd,Inclusion into Index
Nifty 500,25-03-2011,CORE Education & Technologies Ltd.,Inclusion into Index
Nifty 500,25-03-2011,Cox & Kings Ltd.,Inclusion into Index
Nifty 500,25-03-2011,Delta Corp Ltd.,Inclusion into Index
Nifty 500,25-03-2011,Dwarikesh Sugar Industrial Ltd.,Exclusion from Index
Nifty 500,25-03-2011,Emami Ltd.,Inclusion into Index
Nifty 500,25-03-2011,Future Retail Ltd.,Inclusion into Index
Nifty 500,25-03-2011,Godrej Properties Ltd.,Inclusion into Index
Nifty 500,25-03-2011,Gokaldas Exports Ltd.,Exclusion from Index
Nifty 500,25-03-2011,HMT Ltd.,Exclusion from Index
Nifty 500,25-03-2011,JK Tyre & Industries Ltd..,Inclusion into Index
Nifty 500,25-03-2011,Kemrock Industries and Exports Ltd.,Inclusion into Index
Nifty 500,25-03-2011,Kohinoor Foods Ltd.,Exclusion from Index
Nifty 500,25-03-2011,Mahindra Ugine Steel Co. Ltd.,Exclusion from Index
Nifty 500,25-03-2011,Mirza International Ltd.,Exclusion from Index
Nifty 500,25-03-2011,Munjal Showa Ltd.,Exclusion from Index
Nifty 500,25-03-2011,Omax Autos Ltd.,Exclusion from Index
Nifty 500,25-03-2011,Opto Circuits (I) Ltd.,Inclusion into Index
Nifty 500,25-03-2011,Orissa Min Dev Co Ltd.,Inclusion into Index
Nifty 500,25-03-2011,PVP Ventures Ltd.,Exclusion from Index
Nifty 500,25-03-2011,Pearl Global Industries Ltd.,Exclusion from Index
Nifty 500,25-03-2011,Pipavav Defence and Offshore Engineering Company Ltd.,Inclusion into Index
Nifty 500,25-03-2011,Ramco Systems Ltd.,Exclusion from Index
Nifty 500,25-03-2011,Sadbhav Engineering Ltd,Inclusion into Index
Nifty 500,25-03-2011,Saregama India Ltd,Exclusion from Index
Nifty 500,25-03-2011,V2 Retail Ltd.,Exclusion from Index
Nifty 500,25-03-2011,Vardhman Textiles Ltd.,Exclusion from Index
Nifty 500,25-03-2011,Whirlpool of India Ltd.,Inclusion into Index
Nifty 500,25-03-2011,Zee Entertainment Enterprises Ltd.,Inclusion into Index
Nifty 500,25-03-2011,Zydus Wellness Ltd.,Inclusion into Index
Nifty 500,11-04-2011,Alembic Ltd.,Exclusion from Index
Nifty 500,11-04-2011,Coal India Ltd.,Inclusion into Index
Nifty 500,21-04-2011,Indiabulls Real Estate Ltd.,Exclusion from Index
Nifty 500,21-04-2011,Oberoi Realty Ltd.,Inclusion into Index
Nifty 500,03-05-2011,Prestige Estates Projects Ltd.,Inclusion into Index
Nifty 500,03-05-2011,Triveni Engineering & Industries Ltd.,Exclusion from Index
Nifty 500,18-05-2011,ARSS Infrastructure Projects Ltd.,Inclusion into Index
Nifty 500,18-05-2011,Binani Cement Ltd.,Exclusion from Index
Nifty 500,18-05-2011,Essar Ports Ltd.,Exclusion from Index
Nifty 500,18-05-2011,IL&FS Engineering and Construction Company Ltd.,Inclusion into Index
Nifty 500,21-06-2011,Indiabulls Real Estate Ltd.,Inclusion into Index
Nifty 500,21-06-2011,Television Eighteen India Ltd.,Exclusion from Index
Nifty 500,29-08-2011,Dish TV India Ltd.,Inclusion into Index
Nifty 500,29-08-2011,Nagarjuna Fertilizers & Chemicals Ltd.,Exclusion from Index
Nifty 500,10-10-2011,AIA Engineering Ltd.,Inclusion into Index
Nifty 500,10-10-2011,Ador Welding Ltd.,Exclusion from Index
Nifty 500,10-10-2011,Aftek Ltd.,Exclusion from Index
Nifty 500,10-10-2011,Aksh Optifibre Ltd.,Exclusion from Index
Nifty 500,10-10-2011,Andhra Sugars Ltd.,Exclusion from Index
Nifty 500,10-10-2011,B L Kashyap & Sons Ltd.,Exclusion from Index
Nifty 500,10-10-2011,BF Utilities Ltd.,Inclusion into Index
Nifty 500,10-10-2011,Central Bank of India,Inclusion into Index
Nifty 500,10-10-2011,Cosmo Films Ltd.,Exclusion from Index
Nifty 500,10-10-2011,D.S. Kulkarni Developers Ltd.,Exclusion from Index
Nifty 500,10-10-2011,Development Credit Bank Ltd,Inclusion into Index
Nifty 500,10-10-2011,Dewan Housing Finance Corporation Ltd.,Inclusion into Index
Nifty 500,10-10-2011,Dhanlaxmi Bank Ltd.,Inclusion into Index
Nifty 500,10-10-2011,Everest Industries Ltd.,Exclusion from Index
Nifty 500,10-10-2011,Gujarat Pipavav Port Ltd.,Inclusion into Index
Nifty 500,10-10-2011,Heritage Foods Ltd.,Exclusion from Index
Nifty 500,10-10-2011,Hikal Ltd.,Exclusion from Index
Nifty 500,10-10-2011,Himachal Fut Com Ltd.,Inclusion into Index
Nifty 500,10-10-2011,Indiabulls Power Ltd.,Inclusion into Index
Nifty 500,10-10-2011,Indian Bank,Inclusion into Index
Nifty 500,10-10-2011,Jubilant Life Sciences Ltd.,Inclusion into Index
Nifty 500,10-10-2011,KSK Energy Ventures Ltd,Inclusion into Index
Nifty 500,10-10-2011,Koutons Retail India Ltd.,Exclusion from Index
Nifty 500,10-10-2011,NRB Bearings Ltd.,Exclusion from Index
Nifty 500,10-10-2011,Network18 Media & Investments Ltd.,Inclusion into Index
Nifty 500,10-10-2011,PNB Gilts Ltd.,Exclusion from Index
Nifty 500,10-10-2011,Page Industries Ltd.,Inclusion into Index
Nifty 500,10-10-2011,Persistent Systems Ltd.,Inclusion into Index
Nifty 500,10-10-2011,Pricol Ltd.,Exclusion from Index
Nifty 500,10-10-2011,Rico Auto Industries Ltd.,Exclusion from Index
Nifty 500,10-10-2011,SEAMEC Ltd.,Exclusion from Index
Nifty 500,10-10-2011,SKS Microfinance Ltd.,Inclusion into Index
Nifty 500,10-10-2011,Sakthi Sugars Ltd.,Exclusion from Index
Nifty 500,10-10-2011,State Bank of Bikaner & Jaipur Ltd.,Inclusion into Index
Nifty 500,10-10-2011,State Bank of Travancore,Inclusion into Index
Nifty 500,10-10-2011,Sujana Towers Ltd.-old,Inclusion into Index
Nifty 500,10-10-2011,Tamilnadu Petroproducts Ltd.,Exclusion from Index
Nifty 500,10-10-2011,Tourism Finance Corporation of India Ltd.,Exclusion from Index
Nifty 500,10-10-2011,Trident Ltd.,Exclusion from Index
Nifty 500,10-10-2011,eClerx Services Ltd.,Inclusion into Index
Nifty 500,22-11-2011,Future Consumer Enterprise Ltd.,Inclusion into Index
Nifty 500,22-11-2011,Jindal Saw Ltd.,Exclusion from Index
Nifty 500,07-12-2011,Indiabulls Real Estate Ltd.,Exclusion from Index
Nifty 500,07-12-2011,Jai Balaji Industries Ltd.,Inclusion into Index
Nifty 500,14-12-2011,Alstom T&D India Ltd.,Exclusion from Index
Nifty 500,14-12-2011,MVL Ltd.,Inclusion into Index
Nifty 500,07-03-2012,Jindal Saw Ltd.,Inclusion into Index
Nifty 500,07-03-2012,Provogue (India) Ltd.,Exclusion from Index
Nifty 500,09-03-2012,Carol Info Services Ltd.,Exclusion from Index
Nifty 500,09-03-2012,Indiabulls Real Estate Ltd.,Inclusion into Index
Nifty 500,09-03-2012,L&T Finance Holdings Ltd.,Inclusion into Index
Nifty 500,09-03-2012,UTV Software Communication Ltd.,Exclusion from Index
Nifty 500,09-04-2012,United Breweries (Holdings) Ltd.,Inclusion into Index
Nifty 500,09-04-2012,Zuari Global Ltd.,Exclusion from Index
Nifty 500,12-04-2012,Alfa Laval (India) Ltd.,Exclusion from Index
Nifty 500,12-04-2012,J.Kumar Infraprojects Ltd.,Inclusion into Index
Nifty 500,27-04-2012,Allied Digital Services Ltd.,Exclusion from Index
Nifty 500,27-04-2012,Alstom T&D India Ltd.,Inclusion into Index
Nifty 500,27-04-2012,Arshiya International Ltd.,Inclusion into Index
Nifty 500,27-04-2012,Balaji Telefilms Ltd.,Exclusion from Index
Nifty 500,27-04-2012,Dhampur Sugar Mills Ltd.,Exclusion from Index
Nifty 500,27-04-2012,Eros Intl Media Ltd.,Inclusion into Index
Nifty 500,27-04-2012,ICRA Ltd.,Inclusion into Index
Nifty 500,27-04-2012,ICSA (India) Ltd.,Inclusion into Index
Nifty 500,27-04-2012,Inox Leisure Ltd.,Exclusion from Index
Nifty 500,27-04-2012,Kwality Ltd.,Inclusion into Index
Nifty 500,27-04-2012,Lakshmi Energy & Foods Ltd.,Exclusion from Index
Nifty 500,27-04-2012,Lovable Lingerie Ltd.,Inclusion into Index
Nifty 500,27-04-2012,Muthoot Finance Ltd.,Inclusion into Index
Nifty 500,27-04-2012,NDTV Ltd.,Exclusion from Index
Nifty 500,27-04-2012,NELCO Ltd.,Exclusion from Index
Nifty 500,27-04-2012,National Fertilizers Ltd.,Exclusion from Index
Nifty 500,27-04-2012,Panacea Biotec Ltd.,Exclusion from Index
Nifty 500,27-04-2012,Paper Products Ltd.,Exclusion from Index
Nifty 500,27-04-2012,Prakash Industries Ltd.,Inclusion into Index
Nifty 500,27-04-2012,Ramky Infra Ltd.,Inclusion into Index
Nifty 500,27-04-2012,State Trading Corporation of India Ltd.,Exclusion from Index
Nifty 500,27-04-2012,Surya Roshni Ltd.,Exclusion from Index
Nifty 500,27-04-2012,TD Power Systems Ltd.,Inclusion into Index
Nifty 500,27-04-2012,Tata Metaliks Ltd.,Exclusion from Index
Nifty 500,27-04-2012,Techno Elt & Eng Co. Ltd.,Inclusion into Index
Nifty 500,27-04-2012,Tree House Education & Accessories Ltd.,Inclusion into Index
Nifty 500,27-04-2012,WABCO India Ltd.,Inclusion into Index
Nifty 500,27-04-2012,Wockhardt Ltd.,Exclusion from Index
Nifty 500,21-05-2012,Patni Computer Systems Ltd.,Exclusion from Index
Nifty 500,21-05-2012,S.E. Investments Ltd.,Inclusion into Index
Nifty 500,18-06-2012,Chemplast Sanmar Ltd.,Exclusion from Index
Nifty 500,18-06-2012,Man Infraconstruction Ltd.,Inclusion into Index
Nifty 500,28-09-2012,3i Infotech Ltd.,Exclusion from Index
Nifty 500,28-09-2012,ARSS Infrastructure Projects Ltd.,Exclusion from Index
Nifty 500,28-09-2012,Autoline Industries Ltd.,Inclusion into Index
Nifty 500,28-09-2012,Balkrishna Industries Ltd.,Inclusion into Index
Nifty 500,28-09-2012,Bombay Burmah Trading Corporation Ltd.,Inclusion into Index
Nifty 500,28-09-2012,Everest Kanto Cylinder Ltd.,Exclusion from Index
Nifty 500,28-09-2012,First Leasing Co. of India Ltd.,Exclusion from Index
Nifty 500,28-09-2012,Flexituff International Ltd.,Inclusion into Index
Nifty 500,28-09-2012,GTL Infrastructure Ltd.,Exclusion from Index
Nifty 500,28-09-2012,Garden Silk Mills Ltd.,Exclusion from Index
Nifty 500,28-09-2012,Gati Ltd.,Inclusion into Index
Nifty 500,28-09-2012,Gujarat Ambuja Exports Ltd.,Exclusion from Index
Nifty 500,28-09-2012,ICSA (India) Ltd.,Exclusion from Index
Nifty 500,28-09-2012,Innoventive Industries Ltd.,Inclusion into Index
Nifty 500,28-09-2012,JBF Industries Ltd.,Inclusion into Index
Nifty 500,28-09-2012,Jay Shree Tea & Industries Ltd.,Exclusion from Index
Nifty 500,28-09-2012,Mandhana Industries Ltd.,Inclusion into Index
Nifty 500,28-09-2012,Mangalore Chemicals & Fertilizers Ltd.,Inclusion into Index
Nifty 500,28-09-2012,Mirc Electronics Ltd.,Exclusion from Index
Nifty 500,28-09-2012,Moser Baer India Ltd.,Exclusion from Index
Nifty 500,28-09-2012,Prime Focus Ltd,Inclusion into Index
Nifty 500,28-09-2012,Reliance MediaWorks Ltd.,Exclusion from Index
Nifty 500,28-09-2012,Shri Lakshmi Cotsyn Ltd.,Inclusion into Index
Nifty 500,28-09-2012,Shriram City Union Finance Ltd.,Inclusion into Index
Nifty 500,28-09-2012,Sterlite Industries (India) Ltd.,Exclusion from Index
Nifty 500,28-09-2012,Supreme Infrastructure India Ltd.,Inclusion into Index
Nifty 500,28-09-2012,TTK Prestige Ltd.,Inclusion into Index
Nifty 500,28-09-2012,TV Today Network Ltd.,Exclusion from Index
Nifty 500,28-09-2012,Taj GVK Hotels & Resorts Ltd.,Exclusion from Index
Nifty 500,28-09-2012,Vakrangee Software Ltd.,Inclusion into Index
Nifty 500,23-01-2013,Deccan Chronicle Holdings Ltd.,Exclusion from Index
Nifty 500,23-01-2013,MOIL Ltd.,Inclusion into Index
Nifty 500,07-03-2013,Orient Paper & Industries Ltd.,Exclusion from Index
Nifty 500,07-03-2013,Sun Pharma Advanced Research Company Ltd.,Inclusion into Index
Nifty 500,19-03-2013,Indiabulls Financial Services Ltd.,Exclusion from Index
Nifty 500,19-03-2013,PVR Ltd.,Inclusion into Index
Nifty 500,01-04-2013,Banco Products (India) Ltd.,Exclusion from Index
Nifty 500,01-04-2013,Bhansali Engineering Polymers Ltd.,Exclusion from Index
Nifty 500,01-04-2013,Den Networks Ltd.,Inclusion into Index
Nifty 500,01-04-2013,Dr. Datsons Labs Ltd.,Inclusion into Index
Nifty 500,01-04-2013,GTL Infrastructure Ltd.,Inclusion into Index
Nifty 500,01-04-2013,GTL Ltd.,Exclusion from Index
Nifty 500,01-04-2013,Gabriel India Ltd.,Inclusion into Index
Nifty 500,01-04-2013,Gruh Finance Ltd.,Inclusion into Index
Nifty 500,01-04-2013,Heritage Foods Ltd.,Inclusion into Index
Nifty 500,01-04-2013,Hindustan Copper Ltd.,Inclusion into Index
Nifty 500,01-04-2013,IL&FS Transportation Networks Ltd.,Inclusion into Index
Nifty 500,01-04-2013,Ind-Swift Laboratories Ltd.,Exclusion from Index
Nifty 500,01-04-2013,Indian Metals & Ferro Alloys Ltd.,Inclusion into Index
Nifty 500,01-04-2013,Indo Rama Synthetics Ltd.,Exclusion from Index
Nifty 500,01-04-2013,Jai Balaji Industries Ltd.,Exclusion from Index
Nifty 500,01-04-2013,Kwality Ltd.,Exclusion from Index
Nifty 500,01-04-2013,MVL Ltd.,Exclusion from Index
Nifty 500,01-04-2013,NIIT Technologies Ltd.,Inclusion into Index
Nifty 500,01-04-2013,Nilkamal Ltd.,Exclusion from Index
Nifty 500,01-04-2013,Onelife Capital Advisors Ltd.,Inclusion into Index
Nifty 500,01-04-2013,Oriental Hotels Ltd.,Exclusion from Index
Nifty 500,01-04-2013,Shri Lakshmi Cotsyn Ltd.,Exclusion from Index
Nifty 500,01-04-2013,Sona Koyo Steering Systems Ltd.,Exclusion from Index
Nifty 500,01-04-2013,Sterling Biotech Ltd,Exclusion from Index
Nifty 500,01-04-2013,Swan Energy Ltd.,Inclusion into Index
Nifty 500,01-04-2013,Tribhovandas Bhimji Zaveri Ltd.,Inclusion into Index
Nifty 500,01-04-2013,Unity Infraprojects Ltd.,Exclusion from Index
Nifty 500,01-04-2013,Welspun India Ltd.,Inclusion into Index
Nifty 500,01-04-2013,Wipro Ltd.,Exclusion from Index
Nifty 500,01-04-2013,Wockhardt Ltd.,Inclusion into Index
Nifty 500,17-04-2013,Future Retail Ltd.,Exclusion from Index
Nifty 500,17-04-2013,Geodesic Ltd.,Inclusion into Index
Nifty 500,11-06-2013,Bharti Infratel Ltd.,Inclusion into Index
Nifty 500,11-06-2013,D.B.Corp Ltd.,Inclusion into Index
Nifty 500,11-06-2013,Future Consumer Enterprise Ltd.,Exclusion from Index
Nifty 500,11-06-2013,JSW ISPAT Steel Ltd.,Exclusion from Index
Nifty 500,21-06-2013,3i Infotech Ltd.,Inclusion into Index
Nifty 500,21-06-2013,K.S. Oils Ltd.,Exclusion from Index
Nifty 500,17-07-2013,20 Microns Ltd,Inclusion into Index
Nifty 500,17-07-2013,Century Plyboards (India) Ltd.,Exclusion from Index
Nifty 500,17-07-2013,Infinite Computer Solutions (India) Ltd,Inclusion into Index
Nifty 500,17-07-2013,Jindal Poly Films Ltd.,Exclusion from Index
Nifty 500,07-08-2013,Sujana Towers Ltd.-old,Exclusion from Index
Nifty 500,07-08-2013,Wipro Ltd.,Inclusion into Index
Nifty 500,27-09-2013,20 Microns Ltd,Exclusion from Index
Nifty 500,27-09-2013,3i Infotech Ltd.,Exclusion from Index
Nifty 500,27-09-2013,Arshiya International Ltd.,Exclusion from Index
Nifty 500,27-09-2013,Autoline Industries Ltd.,Exclusion from Index
Nifty 500,27-09-2013,Bannari Amman Sugars Ltd.,Exclusion from Index
Nifty 500,27-09-2013,Dish TV India Ltd.,Exclusion from Index
Nifty 500,27-09-2013,Ess Dee Aluminium Ltd.,Inclusion into Index
Nifty 500,27-09-2013,Geodesic Ltd.,Exclusion from Index
Nifty 500,27-09-2013,JK Lakshmi Cement Ltd.,Inclusion into Index
Nifty 500,27-09-2013,Jet Airways (India) Ltd.,Exclusion from Index
Nifty 500,27-09-2013,Kaveri Seed Company Ltd.,Inclusion into Index
Nifty 500,27-09-2013,Kemrock Industries and Exports Ltd.,Exclusion from Index
Nifty 500,27-09-2013,Kewal Kiran Clothing Ltd.,Inclusion into Index
Nifty 500,27-09-2013,Kolte-Patil Developers Ltd.,Inclusion into Index
Nifty 500,27-09-2013,MMTC Ltd.,Inclusion into Index
Nifty 500,27-09-2013,MT Educare Ltd.,Inclusion into Index
Nifty 500,27-09-2013,Magma Fincorp Ltd.,Inclusion into Index
Nifty 500,27-09-2013,Maharashtra Scooters Ltd.,Inclusion into Index
Nifty 500,27-09-2013,Mahindra Holidays & Resorts India Ltd.,Inclusion into Index
Nifty 500,27-09-2013,Man Industries (India) Ltd.,Inclusion into Index
Nifty 500,27-09-2013,Onelife Capital Advisors Ltd.,Exclusion from Index
Nifty 500,27-09-2013,Ramky Infra Ltd.,Exclusion from Index
Nifty 500,27-09-2013,Rasoya Proteins Ltd.,Inclusion into Index
Nifty 500,27-09-2013,Sun Pharma Advanced Research Company Ltd.,Exclusion from Index
Nifty 500,27-09-2013,Vardhman Textiles Ltd.,Inclusion into Index
Nifty 500,27-09-2013,Varun Shipping Co. Ltd.,Exclusion from Index
Nifty 500,01-11-2013,Marico Ltd.,Exclusion from Index
Nifty 500,01-11-2013,NDTV Ltd.,Inclusion into Index
Nifty 500,18-11-2013,Fresenius Kabi Oncology Ltd.,Exclusion from Index
Nifty 500,18-11-2013,Future Retail Ltd.,Inclusion into Index
Nifty 500,18-11-2013,Raj Television Network Ltd.,Inclusion into Index
Nifty 500,18-11-2013,Welspun Corp Ltd.,Exclusion from Index
Nifty 500,28-02-2014,Castrol (India) Ltd.,Exclusion from Index
Nifty 500,28-02-2014,Jyothy Laboratories Ltd.,Inclusion into Index
Nifty 500,28-03-2014,Bajaj Corp Ltd.,Inclusion into Index
Nifty 500,28-03-2014,Bombay Rayon Fashions Ltd.,Exclusion from Index
Nifty 500,28-03-2014,CARE Ltd.,Inclusion into Index
Nifty 500,28-03-2014,Dr. Datsons Labs Ltd.,Exclusion from Index
Nifty 500,28-03-2014,Dynamatic Technologies Ltd.,Exclusion from Index
Nifty 500,28-03-2014,Essar Oil Ltd.,Exclusion from Index
Nifty 500,28-03-2014,Indiabulls Housing Finance Ltd.,Inclusion into Index
Nifty 500,28-03-2014,Innoventive Industries Ltd.,Exclusion from Index
Nifty 500,28-03-2014,Inox Leisure Ltd.,Inclusion into Index
Nifty 500,28-03-2014,Justdial Ltd.,Inclusion into Index
Nifty 500,28-03-2014,Karuturi Global Ltd.,Exclusion from Index
Nifty 500,28-03-2014,Mahanagar Telephone Nigam Ltd.,Exclusion from Index
Nifty 500,28-03-2014,Mahindra Ugine Steel Co. Ltd.,Inclusion into Index
Nifty 500,28-03-2014,NDTV Ltd.,Exclusion from Index
Nifty 500,28-03-2014,National Buildings Construction Corporation Ltd.,Inclusion into Index
Nifty 500,28-03-2014,PI Industries Ltd.,Inclusion into Index
Nifty 500,28-03-2014,PSL Ltd.,Exclusion from Index
Nifty 500,28-03-2014,PTC India Fin Serv Ltd.,Inclusion into Index
Nifty 500,28-03-2014,Shree Ashtavinayak Cine Vision Ltd.,Exclusion from Index
Nifty 500,28-03-2014,Sona Koyo Steering Systems Ltd.,Inclusion into Index
Nifty 500,28-03-2014,Sun Pharma Advanced Research Company Ltd.,Inclusion into Index
Nifty 500,28-03-2014,Trident Ltd.,Inclusion into Index
Nifty 500,28-03-2014,Tulip Telecom Ltd.,Exclusion from Index
Nifty 500,28-03-2014,United Breweries (Holdings) Ltd.,Exclusion from Index
Nifty 500,28-03-2014,Vaibhav Global Ltd.,Inclusion into Index
Nifty 500,28-03-2014,Zodiac Clothing Co. Ltd.,Exclusion from Index
Nifty 500,12-05-2014,Marico Ltd.,Inclusion into Index
Nifty 500,12-05-2014,Wyeth Ltd.,Exclusion from Index
Nifty 500,30-06-2014,Mahindra Ugine Steel Co. Ltd.,Exclusion from Index
Nifty 500,30-06-2014,Rain Industries Ltd,Inclusion into Index
Nifty 500,28-07-2014,Castrol India Ltd.,Inclusion into Index
Nifty 500,28-07-2014,Man Industries (India) Ltd.,Exclusion from Index
Nifty 500,19-09-2014,Adani Power Ltd.,Exclusion from Index
Nifty 500,19-09-2014,Aptech Ltd.,Exclusion from Index
Nifty 500,19-09-2014,CORE Education & Technologies Ltd.,Exclusion from Index
Nifty 500,19-09-2014,Era Infra Engineering Ltd.,Exclusion from Index
Nifty 500,19-09-2014,GOL Offshore Ltd.,Exclusion from Index
Nifty 500,19-09-2014,India Glycols Ltd.,Exclusion from Index
Nifty 500,19-09-2014,Indraprastha Medical Corporation Ltd.,Exclusion from Index
Nifty 500,19-09-2014,Infinite Computer Solutions (India) Ltd,Exclusion from Index
Nifty 500,19-09-2014,Man Infraconstruction Ltd.,Exclusion from Index
Nifty 500,19-09-2014,Orbit Corporation Ltd.,Exclusion from Index
Nifty 500,19-09-2014,Polaris Financial Technology Ltd.,Exclusion from Index
Nifty 500,19-09-2014,S. Kumars Nationwide Ltd.,Exclusion from Index
Nifty 500,19-09-2014,Tinplate Company of India Ltd.,Exclusion from Index
Nifty 500,19-09-2014,United Spirits Ltd.,Exclusion from Index
Nifty 500,19-09-2014,West Coast Paper Mills Ltd.,Exclusion from Index
Nifty 500,19-09-2014,Ajanta Pharmaceuticals Ltd.,Inclusion into Index
Nifty 500,19-09-2014,Alembic Pharmaceuticals Ltd.,Inclusion into Index
Nifty 500,19-09-2014,Apar Industries Ltd.,Inclusion into Index
Nifty 500,19-09-2014,Ashoka Buildcon Ltd.,Inclusion into Index
Nifty 500,19-09-2014,Astral Poly Technik Ltd.,Inclusion into Index
Nifty 500,19-09-2014,Century Plyboards (India) Ltd.,Inclusion into Index
Nifty 500,19-09-2014,Kitex Garments Ltd.,Inclusion into Index
Nifty 500,19-09-2014,NOCIL Ltd.,Inclusion into Index
Nifty 500,19-09-2014,Nitin Fire Protection Industries Ltd.,Inclusion into Index
Nifty 500,19-09-2014,Ratnamani Metals & Tubes Ltd.,Inclusion into Index
Nifty 500,19-09-2014,Repco Home Finance Ltd.,Inclusion into Index
Nifty 500,19-09-2014,TV Today Network Ltd.,Inclusion into Index
Nifty 500,19-09-2014,Va Tech Wabag Ltd.,Inclusion into Index
Nifty 500,19-09-2014,Welspun Corp Ltd.,Inclusion into Index
Nifty 500,19-09-2014,Wheels India Ltd.,Inclusion into Index
Nifty 500,28-11-2014,Tilaknagar Industries Ltd.,Inclusion into Index
Nifty 500,28-11-2014,Ranbaxy Laboratories Ltd.,Exclusion from Index
Nifty 500,02-02-2015,Arvind Ltd.,Exclusion from Index
Nifty 500,02-02-2015,Dynamatic Technologies Ltd.,Inclusion into Index
Nifty 500,02-02-2015,Gujarat Gas Co. Ltd.,Exclusion from Index
Nifty 500,02-02-2015,ING Vysya Bank Ltd.,Exclusion from Index
Nifty 500,02-02-2015,La Opala RG Ltd.,Inclusion into Index
Nifty 500,02-02-2015,MBL Infrastructures Ltd.,Inclusion into Index
Nifty 500,24-03-2015,Balkrishna Industries Ltd.,Exclusion from Index
Nifty 500,24-03-2015,ITD Cementation India Ltd.,Inclusion into Index
Nifty 500,27-03-2015,CMC Ltd.,Exclusion from Index
Nifty 500,27-03-2015,DCW Ltd.,Exclusion from Index
Nifty 500,27-03-2015,Educomp Solutions Ltd.,Exclusion from Index
Nifty 500,27-03-2015,Elder Pharmaceuticals Ltd.,Exclusion from Index
Nifty 500,27-03-2015,Hubtown Ltd.,Exclusion from Index
Nifty 500,27-03-2015,IL&FS Engineering and Construction Company Ltd.,Exclusion from Index
Nifty 500,27-03-2015,Indian Metals & Ferro Alloys Ltd.,Exclusion from Index
Nifty 500,27-03-2015,Lovable Lingerie Ltd.,Exclusion from Index
Nifty 500,27-03-2015,Mastek Ltd.,Exclusion from Index
Nifty 500,27-03-2015,Prime Focus Ltd,Exclusion from Index
Nifty 500,27-03-2015,Raj Television Network Ltd.,Exclusion from Index
Nifty 500,27-03-2015,Rei Agro Ltd.,Exclusion from Index
Nifty 500,27-03-2015,Shasun Pharmaceuticals Ltd.,Exclusion from Index
Nifty 500,27-03-2015,Tilaknagar Industries Ltd.,Exclusion from Index
Nifty 500,27-03-2015,Venky's (India) Ltd.,Exclusion from Index
Nifty 500,27-03-2015,Future Consumer Enterprise Ltd.,Inclusion into Index
Nifty 500,27-03-2015,Gulf Oil Lubricants India Ltd.,Inclusion into Index
Nifty 500,27-03-2015,IFB Industries Ltd.,Inclusion into Index
Nifty 500,27-03-2015,J.K. Cement Ltd.,Inclusion into Index
Nifty 500,27-03-2015,KNR Constructions Ltd.,Inclusion into Index
Nifty 500,27-03-2015,K.P.R. Mill Ltd.,Inclusion into Index
Nifty 500,27-03-2015,LG Balakrishnan & Bros Ltd.,Inclusion into Index
Nifty 500,27-03-2015,Marksans Pharma Ltd.,Inclusion into Index
Nifty 500,27-03-2015,Mayur Uniquoters Ltd.,Inclusion into Index
Nifty 500,27-03-2015,United Spirits Ltd.,Inclusion into Index
Nifty 500,27-03-2015,Munjal Showa Ltd.,Inclusion into Index
Nifty 500,27-03-2015,NDTV Ltd.,Inclusion into Index
Nifty 500,27-03-2015,Pennar Industries Ltd.,Inclusion into Index
Nifty 500,27-03-2015,Suven Life Sciences Ltd.,Inclusion into Index
Nifty 500,27-03-2015,Vinati Organics Ltd.,Inclusion into Index
Nifty 500,2015-05-29 00:00:00,Adani Enterprises Ltd.,Exclusion from Index
Nifty 500,2015-05-29 00:00:00,IDFC Ltd.,Exclusion from Index
Nifty 500,2015-05-29 00:00:00,NATCO Pharma Ltd.,Inclusion into Index
Nifty 500,2015-05-29 00:00:00,Visagar Polytex Ltd.,Inclusion into Index
Nifty 500,2015-06-15 00:00:00,Jindal Stainless Ltd.,Exclusion from Index
Nifty 500,2015-06-15 00:00:00,Ceat Ltd.,Inclusion into Index
Nifty 500,2015-09-28 00:00:00,Ansal Properties & Infrastructure Ltd.,Exclusion from Index
Nifty 500,2015-09-28 00:00:00,BGR Energy Systems Ltd,Exclusion from Index
Nifty 500,2015-09-28 00:00:00,Gammon India Ltd.,Exclusion from Index
Nifty 500,2015-09-28 00:00:00,Gujarat NRE Coke Ltd.,Exclusion from Index
Nifty 500,2015-09-28 00:00:00,Hindustan Oil Exploration Co. Ltd.,Exclusion from Index
Nifty 500,2015-09-28 00:00:00,Hotel Leela Venture Ltd.,Exclusion from Index
Nifty 500,2015-09-28 00:00:00,IFB Industries Ltd.,Exclusion from Index
Nifty 500,2015-09-28 00:00:00,Kesoram Industries Ltd.,Exclusion from Index
Nifty 500,2015-09-28 00:00:00,Mangalore Chemicals & Fertilizers Ltd.,Exclusion from Index
Nifty 500,2015-09-28 00:00:00,Monnet Ispat and Energy Ltd.,Exclusion from Index
Nifty 500,2015-09-28 00:00:00,Orchid Chemicals & Pharmaceuticals Ltd.,Exclusion from Index
Nifty 500,2015-09-28 00:00:00,Ramco Industries Ltd.,Exclusion from Index
Nifty 500,2015-09-28 00:00:00,Rasoya Proteins Ltd.,Exclusion from Index
Nifty 500,2015-09-28 00:00:00,RattanIndia Power Ltd.,Exclusion from Index
Nifty 500,2015-09-28 00:00:00,Crompton Greaves Ltd.,Exclusion from Index
Nifty 500,2015-09-28 00:00:00,Max India Ltd.,Exclusion from Index
Nifty 500,2015-09-28 00:00:00,Adani Power Ltd.,Inclusion into Index
Nifty 500,2015-09-28 00:00:00,Balkrishna Industries Ltd.,Inclusion into Index
Nifty 500,2015-09-28 00:00:00,Camlin Fine Sciences Ltd.,Inclusion into Index
Nifty 500,2015-09-28 00:00:00,Future Lifestyle Fashions Ltd.,Inclusion into Index
Nifty 500,2015-09-28 00:00:00,IL&FS Engineering and Construction Company Ltd.,Inclusion into Index
Nifty 500,2015-09-28 00:00:00,Inox Wind Ltd.,Inclusion into Index
Nifty 500,2015-09-28 00:00:00,KRBL Ltd.,Inclusion into Index
Nifty 500,2015-09-28 00:00:00,Metalyst Forgings Ltd.,Inclusion into Index
Nifty 500,2015-09-28 00:00:00,Orient Cement Ltd.,Inclusion into Index
Nifty 500,2015-09-28 00:00:00,Rico Auto Industries Ltd.,Inclusion into Index
Nifty 500,2015-09-28 00:00:00,Siti Cable Network Ltd.,Inclusion into Index
Nifty 500,2015-09-28 00:00:00,Srikalahasthi Pipes Ltd.,Inclusion into Index
Nifty 500,2015-09-28 00:00:00,Symphony Ltd.,Inclusion into Index
Nifty 500,2015-09-28 00:00:00,VRL Logistics Ltd.,Inclusion into Index
Nifty 500,2015-09-28 00:00:00,Eveready Industries India Ltd.,Inclusion into Index
Nifty 500,2015-09-28 00:00:00,Adlabs Entertainment Ltd.,Inclusion into Index
Nifty 500,19-10-2015,Aditya Birla Nuvo Ltd.,Exclusion from Index
Nifty 500,19-10-2015,PNC Infratech Ltd.,Inclusion into Index
Nifty 500,2015-12-14 00:00:00,Future Retail Ltd.,Exclusion from Index
Nifty 500,2015-12-14 00:00:00,Mandhana Industries Ltd.,Exclusion from Index
Nifty 500,2015-12-14 00:00:00,Arvind Ltd,Inclusion into Index
Nifty 500,2015-12-14 00:00:00,Gayatri Projects Ltd.,Inclusion into Index
Nifty 500,2016-01-18 00:00:00,Sterlite Technologies Ltd.,Exclusion from Index
Nifty 500,2016-01-18 00:00:00,Schneider Electric Infrastructure Ltd.,Inclusion into Index
Nifty 500,2016-04-01 00:00:00,Adlabs Entertainment Ltd.,Exclusion from Index
Nifty 500,2016-04-01 00:00:00,Agro Tech Foods Ltd.,Exclusion from Index
Nifty 500,2016-04-01 00:00:00,Asahi India Glass Ltd.,Exclusion from Index
Nifty 500,2016-04-01 00:00:00,Automotive Axles Ltd.,Exclusion from Index
Nifty 500,2016-04-01 00:00:00,Camlin Fine Sciences Ltd.,Exclusion from Index
Nifty 500,2016-04-01 00:00:00,Carborundum Universal Ltd.,Exclusion from Index
Nifty 500,2016-04-01 00:00:00,Century Enka Ltd.,Exclusion from Index
Nifty 500,2016-04-01 00:00:00,Dhanlaxmi Bank Ltd.,Exclusion from Index
Nifty 500,2016-04-01 00:00:00,Entertainment Network India Ltd.,Exclusion from Index
Nifty 500,2016-04-01 00:00:00,ESAB India Ltd.,Exclusion from Index
Nifty 500,2016-04-01 00:00:00,Federal-Mogul Goetze (India) Ltd.,Exclusion from Index
Nifty 500,2016-04-01 00:00:00,Flexituff International Ltd.,Exclusion from Index
Nifty 500,2016-04-01 00:00:00,Gabriel India Ltd.,Exclusion from Index
Nifty 500,2016-04-01 00:00:00,Gammon Infrastructure Projects Ltd.,Exclusion from Index
Nifty 500,2016-04-01 00:00:00,Geojit BNP Paribas Financial Services Ltd.,Exclusion from Index
Nifty 500,2016-04-01 00:00:00,Geometric Ltd.,Exclusion from Index
Nifty 500,2016-04-01 00:00:00,GHCL Ltd.,Exclusion from Index
Nifty 500,2016-04-01 00:00:00,Gitanjali Gems Ltd.,Exclusion from Index
Nifty 500,2016-04-01 00:00:00,Graphite India Ltd.,Exclusion from Index
Nifty 500,2016-04-01 00:00:00,GTL Infrastructure Ltd.,Exclusion from Index
Nifty 500,2016-04-01 00:00:00,Gujarat Alkalies & Chemicals Ltd.,Exclusion from Index
Nifty 500,2016-04-01 00:00:00,Gujarat Industries Power Co. Ltd.,Exclusion from Index
Nifty 500,2016-04-01 00:00:00,Gujarat Narmada Valley Fertilizers and Chemicals Ltd.,Exclusion from Index
Nifty 500,2016-04-01 00:00:00,Gulf Oil Lubricants India Ltd.,Exclusion from Index
Nifty 500,2016-04-01 00:00:00,H.E.G. Ltd.,Exclusion from Index
Nifty 500,2016-04-01 00:00:00,Heritage Foods Ltd.,Exclusion from Index
Nifty 500,2016-04-01 00:00:00,IL&FS Engineering and Construction Company Ltd.,Exclusion from Index
Nifty 500,2016-04-01 00:00:00,Indiabulls Ventures Ltd.,Exclusion from Index
Nifty 500,2016-04-01 00:00:00,ITD Cementation India Ltd.,Exclusion from Index
Nifty 500,2016-04-01 00:00:00,IVRCL Ltd.,Exclusion from Index
Nifty 500,2016-04-01 00:00:00,Jyoti Structures Ltd.,Exclusion from Index
Nifty 500,2016-04-01 00:00:00,KCP Ltd.,Exclusion from Index
Nifty 500,2016-04-01 00:00:00,Kewal Kiran Clothing Ltd.,Exclusion from Index
Nifty 500,2016-04-01 00:00:00,KNR Constructions Ltd.,Exclusion from Index
Nifty 500,2016-04-01 00:00:00,KSB Pumps Ltd.,Exclusion from Index
Nifty 500,2016-04-01 00:00:00,LG Balakrishnan & Bros Ltd.,Exclusion from Index
Nifty 500,2016-04-01 00:00:00,Linde India Ltd.,Exclusion from Index
Nifty 500,2016-04-01 00:00:00,Maharashtra Scooters Ltd.,Exclusion from Index
Nifty 500,2016-04-01 00:00:00,Maharashtra Seamless Ltd.,Exclusion from Index
Nifty 500,2016-04-01 00:00:00,MBL Infrastructures Ltd.,Exclusion from Index
Nifty 500,2016-04-01 00:00:00,Mercator Ltd.,Exclusion from Index
Nifty 500,2016-04-01 00:00:00,Metalyst Forgings Ltd.,Exclusion from Index
Nifty 500,2016-04-01 00:00:00,MT Educare Ltd.,Exclusion from Index
Nifty 500,2016-04-01 00:00:00,Munjal Showa Ltd.,Exclusion from Index
Nifty 500,2016-04-01 00:00:00,Nava Bharat Ventures Ltd.,Exclusion from Index
Nifty 500,2016-04-01 00:00:00,Navneet Education Ltd.,Exclusion from Index
Nifty 500,2016-04-01 00:00:00,NDTV Ltd.,Exclusion from Index
Nifty 500,2016-04-01 00:00:00,NIIT Ltd.,Exclusion from Index
Nifty 500,2016-04-01 00:00:00,NOCIL Ltd.,Exclusion from Index
Nifty 500,2016-04-01 00:00:00,Noida-Toll Bridge Co. Ltd.,Exclusion from Index
Nifty 500,2016-04-01 00:00:00,Opto Circuits (I) Ltd.,Exclusion from Index
Nifty 500,2016-04-01 00:00:00,Oswal Chemicals & Fertilizers Ltd.,Exclusion from Index
Nifty 500,2016-04-01 00:00:00,Patel Engineering Ltd.,Exclusion from Index
Nifty 500,2016-04-01 00:00:00,Peninsula Land Ltd.,Exclusion from Index
Nifty 500,2016-04-01 00:00:00,Pennar Industries Ltd.,Exclusion from Index
Nifty 500,2016-04-01 00:00:00,Prakash Industries Ltd.,Exclusion from Index
Nifty 500,2016-04-01 00:00:00,Religare Enterprises Ltd.,Exclusion from Index
Nifty 500,2016-04-01 00:00:00,Rico Auto Industries Ltd.,Exclusion from Index
Nifty 500,2016-04-01 00:00:00,S.E. Investments Ltd.,Exclusion from Index
Nifty 500,2016-04-01 00:00:00,Shanthi Gears Ltd.,Exclusion from Index
Nifty 500,2016-04-01 00:00:00,Shrenuj & Co. Ltd.,Exclusion from Index
Nifty 500,2016-04-01 00:00:00,Sona Koyo Steering Systems Ltd.,Exclusion from Index
Nifty 500,2016-04-01 00:00:00,Srikalahasthi Pipes Ltd.,Exclusion from Index
Nifty 500,2016-04-01 00:00:00,State Bank of Travancore,Exclusion from Index
Nifty 500,2016-04-01 00:00:00,Supreme Infrastructure India Ltd.,Exclusion from Index
Nifty 500,2016-04-01 00:00:00,Supreme Petrochem Ltd.,Exclusion from Index
Nifty 500,2016-04-01 00:00:00,Swaraj Engines Ltd.,Exclusion from Index
Nifty 500,2016-04-01 00:00:00,Tata Investment Corporation Ltd.,Exclusion from Index
Nifty 500,2016-04-01 00:00:00,TD Power Systems Ltd.,Exclusion from Index
Nifty 500,2016-04-01 00:00:00,TV Today Network Ltd.,Exclusion from Index
Nifty 500,2016-04-01 00:00:00,Usha Martin Ltd.,Exclusion from Index
Nifty 500,2016-04-01 00:00:00,Uttam Galva Steels Ltd.,Exclusion from Index
Nifty 500,2016-04-01 00:00:00,Vesuvius India Ltd.,Exclusion from Index
Nifty 500,2016-04-01 00:00:00,Visagar Polytex Ltd.,Exclusion from Index
Nifty 500,2016-04-01 00:00:00,Wheels India Ltd.,Exclusion from Index
Nifty 500,2016-04-01 00:00:00,8K Miles Soft Services Ltd.,Inclusion into Index
Nifty 500,2016-04-01 00:00:00,Aarti Drugs Ltd.,Inclusion into Index
Nifty 500,2016-04-01 00:00:00,Adani Enterprises Ltd.,Inclusion into Index
Nifty 500,2016-04-01 00:00:00,Adani Transmission Ltd.,Inclusion into Index
Nifty 500,2016-04-01 00:00:00,Aditya Birla Fashion and Retail Ltd.,Inclusion into Index
Nifty 500,2016-04-01 00:00:00,Aegis Logistics Ltd.,Inclusion into Index
Nifty 500,2016-04-01 00:00:00,Ahluwalia Contracts (India) Ltd.,Inclusion into Index
Nifty 500,2016-04-01 00:00:00,Ashiana Housing Ltd.,Inclusion into Index
Nifty 500,2016-04-01 00:00:00,Avanti Feeds Ltd.,Inclusion into Index
Nifty 500,2016-04-01 00:00:00,BGR Energy Systems Ltd,Inclusion into Index
Nifty 500,2016-04-01 00:00:00,Bliss GVS Pharma Ltd.,Inclusion into Index
Nifty 500,2016-04-01 00:00:00,Bombay Rayon Fashions Ltd.,Inclusion into Index
Nifty 500,2016-04-01 00:00:00,Caplin Point Laboratories Ltd.,Inclusion into Index
Nifty 500,2016-04-01 00:00:00,CCL Products (I) Ltd.,Inclusion into Index
Nifty 500,2016-04-01 00:00:00,Cera Sanitaryware Ltd,Inclusion into Index
Nifty 500,2016-04-01 00:00:00,Dalmia Bharat Ltd.,Inclusion into Index
Nifty 500,2016-04-01 00:00:00,Dhanuka Agritech Ltd.,Inclusion into Index
Nifty 500,2016-04-01 00:00:00,Dish TV India Ltd.,Inclusion into Index
Nifty 500,2016-04-01 00:00:00,Global Offshore Services Ltd.,Inclusion into Index
Nifty 500,2016-04-01 00:00:00,Granules India Ltd.,Inclusion into Index
Nifty 500,2016-04-01 00:00:00,Greenply Industries Ltd.,Inclusion into Index
Nifty 500,2016-04-01 00:00:00,Grindwell Norton Ltd.,Inclusion into Index
Nifty 500,2016-04-01 00:00:00,Gujarat Gas Ltd.,Inclusion into Index
Nifty 500,2016-04-01 00:00:00,HeidelbergCement India Ltd.,Inclusion into Index
Nifty 500,2016-04-01 00:00:00,Hindustan Media Vent Ltd.,Inclusion into Index
Nifty 500,2016-04-01 00:00:00,Hitachi Home & Life Solutions (India) Ltd.,Inclusion into Index
Nifty 500,2016-04-01 00:00:00,HMT Ltd.,Inclusion into Index
Nifty 500,2016-04-01 00:00:00,Hotel Leela Venture Ltd.,Inclusion into Index
Nifty 500,2016-04-01 00:00:00,IDFC Ltd.,Inclusion into Index
Nifty 500,2016-04-01 00:00:00,IFB Industries Ltd.,Inclusion into Index
Nifty 500,2016-04-01 00:00:00,Igarashi Motors India Ltd.,Inclusion into Index
Nifty 500,2016-04-01 00:00:00,Indo Count Industries Ltd.,Inclusion into Index
Nifty 500,2016-04-01 00:00:00,Indoco Remedies Ltd.,Inclusion into Index
Nifty 500,2016-04-01 00:00:00,Intellect Design Arena Ltd.,Inclusion into Index
Nifty 500,2016-04-01 00:00:00,International Paper APPM Ltd.,Inclusion into Index
Nifty 500,2016-04-01 00:00:00,Jet Airways (India) Ltd.,Inclusion into Index
Nifty 500,2016-04-01 00:00:00,Jindal Poly Films Ltd.,Inclusion into Index
Nifty 500,2016-04-01 00:00:00,JMT Auto Ltd.,Inclusion into Index
Nifty 500,2016-04-01 00:00:00,Kesoram Industries Ltd.,Inclusion into Index
Nifty 500,2016-04-01 00:00:00,Kirloskar Oil Eng Ltd.,Inclusion into Index
Nifty 500,2016-04-01 00:00:00,Kwality Ltd.,Inclusion into Index
Nifty 500,2016-04-01 00:00:00,Mahanagar Telephone Nigam Ltd.,Inclusion into Index
Nifty 500,2016-04-01 00:00:00,Mahindra CIE Automotive Ltd.,Inclusion into Index
Nifty 500,2016-04-01 00:00:00,Manappuram Finance Ltd.,Inclusion into Index
Nifty 500,2016-04-01 00:00:00,Manpasand Beverages Ltd.,Inclusion into Index
Nifty 500,2016-04-01 00:00:00,Minda Corporation Ltd.,Inclusion into Index
Nifty 500,2016-04-01 00:00:00,Navkar Corporation Ltd.,Inclusion into Index
Nifty 500,2016-04-01 00:00:00,PC Jeweller Ltd.,Inclusion into Index
Nifty 500,2016-04-01 00:00:00,Polaris Consulting & Services Ltd.,Inclusion into Index
Nifty 500,2016-04-01 00:00:00,Ramco Systems Ltd.,Inclusion into Index
Nifty 500,2016-04-01 00:00:00,Ramkrishna Forgings Ltd.,Inclusion into Index
Nifty 500,2016-04-01 00:00:00,RattanIndia Power Ltd.,Inclusion into Index
Nifty 500,2016-04-01 00:00:00,Relaxo Footwears Ltd.,Inclusion into Index
Nifty 500,2016-04-01 00:00:00,Sadbhav Infrastructure Project Ltd.,Inclusion into Index
Nifty 500,2016-04-01 00:00:00,Sharda Cropchem Ltd.,Inclusion into Index
Nifty 500,2016-04-01 00:00:00,Shilpa Medicare Ltd.,Inclusion into Index
Nifty 500,2016-04-01 00:00:00,SJVN Ltd.,Inclusion into Index
Nifty 500,2016-04-01 00:00:00,SML Isuzu Ltd.,Inclusion into Index
Nifty 500,2016-04-01 00:00:00,Snowman Logistics Ltd.,Inclusion into Index
Nifty 500,2016-04-01 00:00:00,Solar Industries India Ltd.,Inclusion into Index
Nifty 500,2016-04-01 00:00:00,Somany Ceramics Ltd.,Inclusion into Index
Nifty 500,2016-04-01 00:00:00,State Trading Corporation of India Ltd.,Inclusion into Index
Nifty 500,2016-04-01 00:00:00,Styrolution ABS (India) Ltd.,Inclusion into Index
Nifty 500,2016-04-01 00:00:00,Syngene International Ltd.,Inclusion into Index
Nifty 500,2016-04-01 00:00:00,Take Solutions Ltd.,Inclusion into Index
Nifty 500,2016-04-01 00:00:00,Tata Motors Ltd DVR,Inclusion into Index
Nifty 500,2016-04-01 00:00:00,Tata Teleservices (Maharashtra) Ltd.,Inclusion into Index
Nifty 500,2016-04-01 00:00:00,Texmaco Rail & Eng. Ltd.,Inclusion into Index
Nifty 500,2016-04-01 00:00:00,Tide Water Oil (India) Ltd.,Inclusion into Index
Nifty 500,2016-04-01 00:00:00,Timken India Ltd.,Inclusion into Index
Nifty 500,2016-04-01 00:00:00,Transport Corporation of India Ltd.,Inclusion into Index
Nifty 500,2016-04-01 00:00:00,Triveni Turbine Ltd.,Inclusion into Index
Nifty 500,2016-04-01 00:00:00,TVS Srichakra Ltd.,Inclusion into Index
Nifty 500,2016-04-01 00:00:00,V-Guard Industries Ltd.,Inclusion into Index
Nifty 500,2016-04-01 00:00:00,Wonderla Holidays Ltd.,Inclusion into Index
Nifty 500,2016-04-01 00:00:00,Zee Learn Ltd.,Inclusion into Index
Nifty 500,2016-04-29 00:00:00,Advanta Ltd.,Exclusion from Index
Nifty 500,2016-04-29 00:00:00,Jindal Saw Ltd.,Exclusion from Index
Nifty 500,2016-04-29 00:00:00,Transport Corporation of India Ltd.,Exclusion from Index
Nifty 500,2016-04-29 00:00:00,Gulf Oil Lubricants India Ltd.,Inclusion into Index
Nifty 500,2016-04-29 00:00:00,S H Kelkar and Company Ltd.,Inclusion into Index
Nifty 500,2016-04-29 00:00:00,TV Today Network Ltd.,Inclusion into Index
Nifty 500,2016-09-30 00:00:00,ABG Shipyard Ltd.,Exclusion from Index
Nifty 500,2016-09-30 00:00:00,APL Apollo Tubes Ltd.,Inclusion into Index
Nifty 500,2016-09-30 00:00:00,Aarti Drugs Ltd.,Exclusion from Index
Nifty 500,2016-09-30 00:00:00,Aditya Birla Nuvo Ltd.,Inclusion into Index
Nifty 500,2016-09-30 00:00:00,Alkem Laboratories Ltd.,Inclusion into Index
Nifty 500,2016-09-30 00:00:00,Ashiana Housing Ltd.,Exclusion from Index
Nifty 500,2016-09-30 00:00:00,Carborundum Universal Ltd.,Inclusion into Index
Nifty 500,2016-09-30 00:00:00,Castex Technologies Ltd.,Exclusion from Index
Nifty 500,2016-09-30 00:00:00,Clariant Chemicals (India) Ltd.,Exclusion from Index
Nifty 500,2016-09-30 00:00:00,Coffee Day Enterprises Ltd.,Inclusion into Index
Nifty 500,2016-09-30 00:00:00,Crompton Greaves Ltd.,Inclusion into Index
Nifty 500,2016-09-30 00:00:00,Dr. Lal Path Labs Ltd.,Inclusion into Index
Nifty 500,2016-09-30 00:00:00,Electrosteel Castings Ltd.,Exclusion from Index
Nifty 500,2016-09-30 00:00:00,Elgi Equipments Ltd.,Exclusion from Index
Nifty 500,2016-09-30 00:00:00,Equitas Holdings Ltd.,Inclusion into Index
Nifty 500,2016-09-30 00:00:00,Ess Dee Aluminium Ltd.,Exclusion from Index
Nifty 500,2016-09-30 00:00:00,Financial Technologies (India) Ltd.,Exclusion from Index
Nifty 500,2016-09-30 00:00:00,Global Offshore Services Ltd.,Exclusion from Index
Nifty 500,2016-09-30 00:00:00,HMT Ltd.,Exclusion from Index
Nifty 500,2016-09-30 00:00:00,Hotel Leela Venture Ltd.,Exclusion from Index
Nifty 500,2016-09-30 00:00:00,IDFC Bank Ltd.,Inclusion into Index
Nifty 500,2016-09-30 00:00:00,IFB Industries Ltd.,Exclusion from Index
Nifty 500,2016-09-30 00:00:00,INEOS Styrolution India Ltd.,Exclusion from Index
Nifty 500,2016-09-30 00:00:00,ITD Cementation India Ltd.,Inclusion into Index
Nifty 500,2016-09-30 00:00:00,Infibeam Incorporation Ltd.,Inclusion into Index
Nifty 500,2016-09-30 00:00:00,InterGlobe Aviation Ltd.,Inclusion into Index
Nifty 500,2016-09-30 00:00:00,KSB Pumps Ltd.,Inclusion into Index
Nifty 500,2016-09-30 00:00:00,KSK Energy Ventures Ltd,Exclusion from Index
Nifty 500,2016-09-30 00:00:00,Kirloskar Oil Eng Ltd.,Exclusion from Index
Nifty 500,2016-09-30 00:00:00,Linde India Ltd.,Inclusion into Index
Nifty 500,2016-09-30 00:00:00,Max Financial Services Ltd.,Inclusion into Index
Nifty 500,2016-09-30 00:00:00,Minda Corporation Ltd.,Exclusion from Index
Nifty 500,2016-09-30 00:00:00,Narayana Hrudayalaya Ltd.,Inclusion into Index
Nifty 500,2016-09-30 00:00:00,Navin Fluorine International Ltd.,Inclusion into Index
Nifty 500,2016-09-30 00:00:00,Nilkamal Ltd.,Inclusion into Index
Nifty 500,2016-09-30 00:00:00,OCL India Ltd.,Inclusion into Index
Nifty 500,2016-09-30 00:00:00,Parsvnath Developer Ltd.,Exclusion from Index
Nifty 500,2016-09-30 00:00:00,Puravankara Projects Ltd.,Exclusion from Index
Nifty 500,2016-09-30 00:00:00,Ratnamani Metals & Tubes Ltd.,Exclusion from Index
Nifty 500,2016-09-30 00:00:00,Religare Enterprises Ltd.,Inclusion into Index
Nifty 500,2016-09-30 00:00:00,Sadbhav Infrastructure Project Ltd.,Exclusion from Index
Nifty 500,2016-09-30 00:00:00,Sequent Scientific Ltd.,Inclusion into Index
Nifty 500,2016-09-30 00:00:00,Star Ferro & Cement Ltd.,Inclusion into Index
Nifty 500,2016-09-30 00:00:00,State Bank of Mysore,Inclusion into Index
Nifty 500,2016-09-30 00:00:00,State Bank of Travancore,Inclusion into Index
Nifty 500,2016-09-30 00:00:00,Suprajit Engineering Ltd.,Inclusion into Index
Nifty 500,2016-09-30 00:00:00,Tata Teleservices (Maharashtra) Ltd.,Exclusion from Index
Nifty 500,2016-09-30 00:00:00,Tree House Education & Accessories Ltd.,Exclusion from Index
Nifty 500,2016-09-30 00:00:00,Tribhovandas Bhimji Zaveri Ltd.,Exclusion from Index
Nifty 500,2016-09-30 00:00:00,Vaibhav Global Ltd.,Exclusion from Index
Nifty 500,2016-11-15 00:00:00,Cairn India Ltd.,Exclusion from Index
Nifty 500,2016-11-15 00:00:00,Crompton Greaves Consumer Electricals Ltd.,Inclusion into Index
Nifty 500,2017-01-23 00:00:00,Dishman Pharmaceuticals & Chemicals Ltd.,Exclusion from Index
Nifty 500,2017-01-23 00:00:00,Max Financial Services Ltd.,Exclusion from Index
Nifty 500,2017-01-23 00:00:00,OCL India Ltd.,Exclusion from Index
Nifty 500,2017-01-23 00:00:00,Star Ferro & Cement Ltd.,Exclusion from Index
Nifty 500,2017-01-23 00:00:00,Advanced Enzyme Tech Ltd.,Inclusion into Index
Nifty 500,2017-01-23 00:00:00,Asahi India Glass Ltd.,Inclusion into Index
Nifty 500,2017-01-23 00:00:00,RBL Bank Ltd.,Inclusion into Index
Nifty 500,2017-01-23 00:00:00,Ujjivan Financial Services Ltd.,Inclusion into Index
Nifty 500,2017-03-16 00:00:00,State Bank of Bikaner & Jaipur Ltd.,Exclusion from Index
Nifty 500,2017-03-16 00:00:00,State Bank of Mysore,Exclusion from Index
Nifty 500,2017-03-16 00:00:00,State Bank of Travancore,Exclusion from Index
Nifty 500,2017-03-16 00:00:00,Future Retail Ltd.,Inclusion into Index
Nifty 500,2017-03-16 00:00:00,Mahanagar Gas Ltd.,Inclusion into Index
Nifty 500,2017-03-16 00:00:00,Max India Ltd.,Inclusion into Index
Nifty 500,2017-03-31 00:00:00,Alok Industries Ltd.,Exclusion from Index
Nifty 500,2017-03-31 00:00:00,Bombay Rayon Fashions Ltd.,Exclusion from Index
Nifty 500,2017-03-31 00:00:00,Brigade Enterprises Ltd.,Exclusion from Index
Nifty 500,2017-03-31 00:00:00,Dynamatic Technologies Ltd.,Exclusion from Index
Nifty 500,2017-03-31 00:00:00,Future Lifestyle Fashions Ltd.,Exclusion from Index
Nifty 500,2017-03-31 00:00:00,Ingersoll Rand (India) Ltd.,Exclusion from Index
Nifty 500,2017-03-31 00:00:00,International Paper APPM Ltd.,Exclusion from Index
Nifty 500,2017-03-31 00:00:00,Jaiprakash Power Ventures Ltd.,Exclusion from Index
Nifty 500,2017-03-31 00:00:00,Jaypee Infratech Ltd.,Exclusion from Index
Nifty 500,2017-03-31 00:00:00,JSW Holdings Ltd.,Exclusion from Index
Nifty 500,2017-03-31 00:00:00,KSB Pumps Ltd.,Exclusion from Index
Nifty 500,2017-03-31 00:00:00,La Opala RG Ltd.,Exclusion from Index
Nifty 500,2017-03-31 00:00:00,Lanco Infratech Ltd.,Exclusion from Index
Nifty 500,2017-03-31 00:00:00,Linde India Ltd.,Exclusion from Index
Nifty 500,2017-03-31 00:00:00,Mahindra Lifespace Developers Ltd.,Exclusion from Index
Nifty 500,2017-03-31 00:00:00,Mayur Uniquoters Ltd.,Exclusion from Index
Nifty 500,2017-03-31 00:00:00,Sequent Scientific Ltd.,Exclusion from Index
Nifty 500,2017-03-31 00:00:00,Shoppers Stop Ltd.,Exclusion from Index
Nifty 500,2017-03-31 00:00:00,Simplex Infrastructures Ltd.,Exclusion from Index
Nifty 500,2017-03-31 00:00:00,Sintex Industries Ltd.,Exclusion from Index
Nifty 500,2017-03-31 00:00:00,Siti Networks Ltd.,Exclusion from Index
Nifty 500,2017-03-31 00:00:00,Suprajit Engineering Ltd.,Exclusion from Index
Nifty 500,2017-03-31 00:00:00,Dilip Buildcon Ltd.,Inclusion into Index
Nifty 500,2017-03-31 00:00:00,Endurance Technologies Ltd.,Inclusion into Index
Nifty 500,2017-03-31 00:00:00,Federal-Mogul Goetze (India) Ltd.,Inclusion into Index
Nifty 500,2017-03-31 00:00:00,GHCL Ltd.,Inclusion into Index
Nifty 500,2017-03-31 00:00:00,Gujarat Alkalies & Chemicals Ltd.,Inclusion into Index
Nifty 500,2017-03-31 00:00:00,Gujarat Narmada Valley Fertilizers and Chemicals Ltd.,Inclusion into Index
Nifty 500,2017-03-31 00:00:00,ICICI Prudential Life Insurance Company Ltd.,Inclusion into Index
Nifty 500,2017-03-31 00:00:00,KNR Constructions Ltd.,Inclusion into Index
Nifty 500,2017-03-31 00:00:00,L&T Technology Services Ltd.,Inclusion into Index
Nifty 500,2017-03-31 00:00:00,Larsen & Toubro Infotech Ltd.,Inclusion into Index
Nifty 500,2017-03-31 00:00:00,Minda Corporation Ltd.,Inclusion into Index
Nifty 500,2017-03-31 00:00:00,Minda Industries Ltd.,Inclusion into Index
Nifty 500,2017-03-31 00:00:00,Nava Bharat Ventures Ltd.,Inclusion into Index
Nifty 500,2017-03-31 00:00:00,Navneet Education Ltd.,Inclusion into Index
Nifty 500,2017-03-31 00:00:00,Parag Milk Foods Ltd.,Inclusion into Index
Nifty 500,2017-03-31 00:00:00,Quess Corp Ltd.,Inclusion into Index
Nifty 500,2017-03-31 00:00:00,Ratnamani Metals & Tubes Ltd.,Inclusion into Index
Nifty 500,2017-03-31 00:00:00,Shilpi Cable Tech Ltd.,Inclusion into Index
Nifty 500,2017-03-31 00:00:00,Sterlite Technologies Ltd.,Inclusion into Index
Nifty 500,2017-03-31 00:00:00,Sudarshan Chemical Industries Ltd.,Inclusion into Index
Nifty 500,2017-03-31 00:00:00,Tata Investment Corporation Ltd.,Inclusion into Index
Nifty 500,2017-03-31 00:00:00,Thyrocare Technologies Ltd.,Inclusion into Index
Nifty 500,2017-05-26 00:00:00,Aditya Birla Nuvo Ltd.,Exclusion from Index
Nifty 500,2017-05-26 00:00:00,Grasim Industries Ltd.,Exclusion from Index
Nifty 500,2017-05-26 00:00:00,Tube Investments of India Ltd.,Exclusion from Index
Nifty 500,2017-05-26 00:00:00,Laurus Labs Ltd.,Inclusion into Index
Nifty 500,2017-05-26 00:00:00,PNB Housing Finance Ltd.,Inclusion into Index
Nifty 500,2017-05-26 00:00:00,Varun Beverages Ltd.,Inclusion into Index
Nifty 500,2017-06-23 00:00:00,IIFL Holdings Ltd.,Exclusion from Index
Nifty 500,2017-06-23 00:00:00,Sheela Foam Ltd.,Inclusion into Index
Nifty 500,2017-09-05 00:00:00,Reliance Capital Ltd.,Exclusion from Index
Nifty 500,2017-09-05 00:00:00,Max Financial Services Ltd.,Inclusion into Index
Nifty 500,2017-09-29 00:00:00,Amtek Auto Ltd.,Exclusion from Index
Nifty 500,2017-09-29 00:00:00,Anant Raj Ltd.,Exclusion from Index
Nifty 500,2017-09-29 00:00:00,Asahi India Glass Ltd.,Exclusion from Index
Nifty 500,2017-09-29 00:00:00,FDC Ltd.,Exclusion from Index
Nifty 500,2017-09-29 00:00:00,Federal-Mogul Goetze (India) Ltd.,Exclusion from Index
Nifty 500,2017-09-29 00:00:00,Grindwell Norton Ltd.,Exclusion from Index
Nifty 500,2017-09-29 00:00:00,Hindustan Media Vent Ltd.,Exclusion from Index
Nifty 500,2017-09-29 00:00:00,Honeywell Automation India Ltd.,Exclusion from Index
Nifty 500,2017-09-29 00:00:00,JMT Auto Ltd.,Exclusion from Index
Nifty 500,2017-09-29 00:00:00,KNR Constructions Ltd.,Exclusion from Index
Nifty 500,2017-09-29 00:00:00,Nitin Fire Protection Industries Ltd.,Exclusion from Index
Nifty 500,2017-09-29 00:00:00,Orissa Min Dev Co Ltd.,Exclusion from Index
Nifty 500,2017-09-29 00:00:00,Punj Lloyd Ltd.,Exclusion from Index
Nifty 500,2017-09-29 00:00:00,Ratnamani Metals & Tubes Ltd.,Exclusion from Index
Nifty 500,2017-09-29 00:00:00,Relaxo Footwears Ltd.,Exclusion from Index
Nifty 500,2017-09-05 00:00:00,Reliance Capital Ltd.,Exclusion from Index
Nifty 500,2017-09-29 00:00:00,Reliance Industrial Infrastructure Ltd.,Exclusion from Index
Nifty 500,2017-09-29 00:00:00,Rolta India Ltd.,Exclusion from Index
Nifty 500,2017-09-29 00:00:00,Ruchi Soya Industries Ltd.,Exclusion from Index
Nifty 500,2017-09-29 00:00:00,State Trading Corporation of India Ltd.,Exclusion from Index
Nifty 500,2017-09-29 00:00:00,Tide Water Oil (India) Ltd.,Exclusion from Index
Nifty 500,2017-09-29 00:00:00,Triveni Turbine Ltd.,Exclusion from Index
Nifty 500,2017-09-29 00:00:00,VST Industries Ltd.,Exclusion from Index
Nifty 500,2017-09-29 00:00:00,Wonderla Holidays Ltd.,Exclusion from Index
Nifty 500,2017-09-29 00:00:00,Zydus Wellness Ltd.,Exclusion from Index
Nifty 500,2017-09-29 00:00:00,Avenue Supermarts Ltd.,Inclusion into Index
Nifty 500,2017-09-29 00:00:00,Bombay Rayon Fashions Ltd.,Inclusion into Index
Nifty 500,2017-09-29 00:00:00,Brigade Enterprises Ltd.,Inclusion into Index
Nifty 500,2017-09-29 00:00:00,BSE Ltd.,Inclusion into Index
Nifty 500,2017-09-29 00:00:00,Future Lifestyle Fashions Ltd.,Inclusion into Index
Nifty 500,2017-09-29 00:00:00,Heritage Foods Ltd.,Inclusion into Index
Nifty 500,2017-09-29 00:00:00,IFB Industries Ltd.,Inclusion into Index
Nifty 500,2017-09-29 00:00:00,India Tourism Development Corporation Ltd.,Inclusion into Index
Nifty 500,2017-09-29 00:00:00,Indiabulls Ventures Ltd.,Inclusion into Index
Nifty 500,2017-09-29 00:00:00,Ingersoll Rand (India) Ltd.,Inclusion into Index
Nifty 500,2017-09-29 00:00:00,ITI Ltd.,Inclusion into Index
Nifty 500,2017-09-29 00:00:00,Jaiprakash Power Ventures Ltd.,Inclusion into Index
Nifty 500,2017-09-29 00:00:00,Jindal Saw Ltd.,Inclusion into Index
Nifty 500,2017-09-29 00:00:00,Jindal Stainless (Hisar) Ltd.,Inclusion into Index
Nifty 500,2017-09-29 00:00:00,Jindal Stainless Ltd.,Inclusion into Index
Nifty 500,2017-09-29 00:00:00,Linde India Ltd.,Inclusion into Index
Nifty 500,2017-09-05 00:00:00,Max Financial Services Ltd.,Inclusion into Index
Nifty 500,2017-09-29 00:00:00,National Fertilizers Ltd.,Inclusion into Index
Nifty 500,2017-09-29 00:00:00,Rupa & Company Ltd.,Inclusion into Index
Nifty 500,2017-09-29 00:00:00,Shoppers Stop Ltd.,Inclusion into Index
Nifty 500,2017-09-29 00:00:00,Suprajit Engineering Ltd.,Inclusion into Index
Nifty 500,2017-09-29 00:00:00,Supreme Petrochem Ltd.,Inclusion into Index
Nifty 500,2017-09-29 00:00:00,Time Technoplast Ltd.,Inclusion into Index
Nifty 500,2017-09-29 00:00:00,United Bank of India,Inclusion into Index
Nifty 500,2017-09-29 00:00:00,Vesuvius India Ltd.,Inclusion into Index
Nifty 500,2017-10-30 00:00:00,Future Retail Ltd.,Exclusion from Index
Nifty 500,2017-10-30 00:00:00,Housing & Urban Development Corporation Ltd.,Inclusion into Index
Nifty 500,2017-11-13 00:00:00,Shilpi Cable Tech Ltd.,Exclusion from Index
Nifty 500,2017-11-13 00:00:00,Sundaram Finance Ltd.,Exclusion from Index
Nifty 500,2017-11-13 00:00:00,AU Small Finance Bank Ltd.,Inclusion into Index
Nifty 500,2017-11-13 00:00:00,Relaxo Footwears Ltd.,Inclusion into Index
Nifty 500,2017-11-20 00:00:00,Gayatri Projects Ltd.,Exclusion from Index
Nifty 500,2017-11-20 00:00:00,Star Cement Ltd.,Inclusion into Index
Nifty 500,2018-02-05 00:00:00,CESC Ltd.,Exclusion from Index
Nifty 500,2018-02-05 00:00:00,Fortis Healthcare Ltd.,Exclusion from Index
Nifty 500,2018-02-05 00:00:00,Polaris Consulting & Services Ltd.,Exclusion from Index
Nifty 500,2018-02-05 00:00:00,Strides Shasun Ltd.,Exclusion from Index
Nifty 500,2018-02-05 00:00:00,Cochin Shipyard Ltd.,Inclusion into Index
Nifty 500,2018-02-05 00:00:00,Hatsun Agro Product Ltd.,Inclusion into Index
Nifty 500,2018-02-05 00:00:00,Reliance Capital Ltd.,Inclusion into Index
Nifty 500,2018-02-05 00:00:00,TI Financial Holdings Ltd.,Inclusion into Index
Nifty 500,2018-03-13 00:00:00,Videocon Industries Ltd.,Exclusion from Index
Nifty 500,2018-03-13 00:00:00,Eris Lifesciences Ltd.,Inclusion into Index
Nifty 500,2018-04-02 00:00:00,Adani Enterprises Ltd.,Exclusion from Index
Nifty 500,2018-04-02 00:00:00,Ahluwalia Contracts (India) Ltd.,Exclusion from Index
Nifty 500,2018-04-02 00:00:00,Apar Industries Ltd.,Exclusion from Index
Nifty 500,2018-04-02 00:00:00,AstraZenca Pharma India Ltd.,Exclusion from Index
Nifty 500,2018-04-02 00:00:00,Corporation Bank,Exclusion from Index
Nifty 500,2018-04-02 00:00:00,Dalmia Bharat Ltd.,Exclusion from Index
Nifty 500,2018-04-02 00:00:00,Dhanuka Agritech Ltd.,Exclusion from Index
Nifty 500,2018-04-02 00:00:00,Essel Propack Ltd.,Exclusion from Index
Nifty 500,2018-04-02 00:00:00,ICRA Ltd.,Exclusion from Index
Nifty 500,2018-04-02 00:00:00,Igarashi Motors India Ltd.,Exclusion from Index
Nifty 500,2018-04-02 00:00:00,Ingersoll Rand (India) Ltd.,Exclusion from Index
Nifty 500,2018-04-02 00:00:00,Linde India Ltd.,Exclusion from Index
Nifty 500,2018-04-02 00:00:00,Monsanto India Ltd.,Exclusion from Index
Nifty 500,2018-04-02 00:00:00,Navneet Education Ltd.,Exclusion from Index
Nifty 500,2018-04-02 00:00:00,Schneider Electric Infrastructure Ltd.,Exclusion from Index
Nifty 500,2018-04-02 00:00:00,Sharda Cropchem Ltd.,Exclusion from Index
Nifty 500,2018-04-02 00:00:00,Shilpa Medicare Ltd.,Exclusion from Index
Nifty 500,2018-04-02 00:00:00,Snowman Logistics Ltd.,Exclusion from Index
Nifty 500,2018-04-02 00:00:00,Somany Ceramics Ltd.,Exclusion from Index
Nifty 500,2018-04-02 00:00:00,Suprajit Engineering Ltd.,Exclusion from Index
Nifty 500,2018-04-02 00:00:00,Supreme Petrochem Ltd.,Exclusion from Index
Nifty 500,2018-04-02 00:00:00,United Bank of India,Exclusion from Index
Nifty 500,2018-04-02 00:00:00,Vesuvius India Ltd.,Exclusion from Index
Nifty 500,2018-04-02 00:00:00,Zensar Technolgies Ltd.,Exclusion from Index
Nifty 500,2018-04-02 00:00:00,Aditya Birla Capital Ltd.,Inclusion into Index
Nifty 500,2018-04-02 00:00:00,Asahi India Glass Ltd.,Inclusion into Index
Nifty 500,2018-04-02 00:00:00,Central Depository Services (India) Ltd.,Inclusion into Index
Nifty 500,2018-04-02 00:00:00,Dishman Carbogen Amcis Ltd.,Inclusion into Index
Nifty 500,2018-04-02 00:00:00,Dixon Technologies (India) Ltd.,Inclusion into Index
Nifty 500,2018-04-02 00:00:00,General Insurance Corporation of India,Inclusion into Index
Nifty 500,2018-04-02 00:00:00,Godrej Agrovet Ltd.,Inclusion into Index
Nifty 500,2018-04-02 00:00:00,Graphite India Ltd.,Inclusion into Index
Nifty 500,2018-04-02 00:00:00,Grasim Industries Ltd.,Inclusion into Index
Nifty 500,2018-04-02 00:00:00,H.E.G. Ltd.,Inclusion into Index
Nifty 500,2018-04-02 00:00:00,Himadri Speciality Chemical Ltd.,Inclusion into Index
Nifty 500,2018-04-02 00:00:00,Honeywell Automation India Ltd.,Inclusion into Index
Nifty 500,2018-04-02 00:00:00,ICICI Lombard General Insurance Company Ltd.,Inclusion into Index
Nifty 500,2018-04-02 00:00:00,IIFL Holdings Ltd.,Inclusion into Index
Nifty 500,2018-04-02 00:00:00,Indian Energy Exchange Ltd.,Inclusion into Index
Nifty 500,2018-04-02 00:00:00,KNR Constructions Ltd.,Inclusion into Index
Nifty 500,2018-04-02 00:00:00,MAS Financial Services Ltd.,Inclusion into Index
Nifty 500,2018-04-02 00:00:00,NESCO Ltd.,Inclusion into Index
Nifty 500,2018-04-02 00:00:00,Reliance Home Finance Ltd.,Inclusion into Index
Nifty 500,2018-04-02 00:00:00,Sadbhav Infrastructure Project Ltd.,Inclusion into Index
Nifty 500,2018-04-02 00:00:00,SBI Life Insurance Company Ltd.,Inclusion into Index
Nifty 500,2018-04-02 00:00:00,Security and Intelligence Services (India) Ltd.,Inclusion into Index
Nifty 500,2018-04-02 00:00:00,Shankara Building Products Ltd.,Inclusion into Index
Nifty 500,2018-04-02 00:00:00,Sintex Plastics Technology Ltd.,Inclusion into Index
Nifty 500,2018-06-29 00:00:00,Arvind Ltd.,Exclusion from Index
Nifty 500,2018-06-29 00:00:00,Cox & Kings Ltd.,Exclusion from Index
Nifty 500,2018-06-29 00:00:00,HT Media Ltd.,Exclusion from Index
Nifty 500,2018-06-29 00:00:00,Tata Communications Ltd.,Exclusion from Index
Nifty 500,2018-06-29 00:00:00,Aster DM Healthcare Ltd.,Inclusion into Index
Nifty 500,2018-06-29 00:00:00,Future Retail Ltd.,Inclusion into Index
Nifty 500,2018-06-29 00:00:00,KIOCL Ltd.,Inclusion into Index
Nifty 500,2018-06-29 00:00:00,Tube Investments of India Ltd.,Inclusion into Index
Nifty 500,2018-08-08 00:00:00,Techno Elt & Eng Co. Ltd.,Exclusion from Index
Nifty 500,2018-08-08 00:00:00,Bharat Dynamics Ltd.,Inclusion into Index
Nifty 500,2018-09-28 00:00:00,Aban Offshore Ltd.,Exclusion from Index
Nifty 500,2018-09-28 00:00:00,Asahi India Glass Ltd.,Exclusion from Index
Nifty 500,2018-09-28 00:00:00,Bajaj Hindusthan Sugar Ltd.,Exclusion from Index
Nifty 500,2018-09-28 00:00:00,Ballarpur Industries Ltd.,Exclusion from Index
Nifty 500,2018-09-28 00:00:00,BF Utilities Ltd.,Exclusion from Index
Nifty 500,2018-09-28 00:00:00,BGR Energy Systems Ltd,Exclusion from Index
Nifty 500,2018-09-28 00:00:00,Bhushan Steel Ltd.,Exclusion from Index
Nifty 500,2018-09-28 00:00:00,Bombay Rayon Fashions Ltd.,Exclusion from Index
Nifty 500,2018-09-28 00:00:00,D B Realty Ltd.,Exclusion from Index
Nifty 500,2018-09-28 00:00:00,Gati Ltd.,Exclusion from Index
Nifty 500,2018-09-28 00:00:00,Housing Development and Infrastructure Ltd.,Exclusion from Index
Nifty 500,2018-09-28 00:00:00,JBF Industries Ltd.,Exclusion from Index
Nifty 500,2018-09-28 00:00:00,Jindal Poly Films Ltd.,Exclusion from Index
Nifty 500,2018-09-28 00:00:00,Kesoram Industries Ltd.,Exclusion from Index
Nifty 500,2018-09-28 00:00:00,Kitex Garments Ltd.,Exclusion from Index
Nifty 500,2018-09-28 00:00:00,KPIT Technologies Ltd.,Exclusion from Index
Nifty 500,2018-09-28 00:00:00,Kwality Ltd.,Exclusion from Index
Nifty 500,2018-09-28 00:00:00,Mahanagar Telephone Nigam Ltd.,Exclusion from Index
Nifty 500,2018-09-28 00:00:00,Marksans Pharma Ltd.,Exclusion from Index
Nifty 500,2018-09-28 00:00:00,Ramco Systems Ltd.,Exclusion from Index
Nifty 500,2018-09-28 00:00:00,RattanIndia Power Ltd.,Exclusion from Index
Nifty 500,2018-09-28 00:00:00,Religare Enterprises Ltd.,Exclusion from Index
Nifty 500,2018-09-28 00:00:00,Sheela Foam Ltd.,Exclusion from Index
Nifty 500,2018-09-28 00:00:00,SML Isuzu Ltd.,Exclusion from Index
Nifty 500,2018-09-28 00:00:00,Unitech Ltd.,Exclusion from Index
Nifty 500,2018-09-28 00:00:00,Zee Learn Ltd.,Exclusion from Index
Nifty 500,2018-09-28 00:00:00,Bandhan Bank Ltd.,Inclusion into Index
Nifty 500,2018-09-28 00:00:00,Elgi Equipments Ltd.,Inclusion into Index
Nifty 500,2018-09-28 00:00:00,Excel Crop Care Ltd.,Inclusion into Index
Nifty 500,2018-09-28 00:00:00,FDC Ltd.,Inclusion into Index
Nifty 500,2018-09-28 00:00:00,Galaxy Surfactants Ltd.,Inclusion into Index
Nifty 500,2018-09-28 00:00:00,Gayatri Projects Ltd.,Inclusion into Index
Nifty 500,2018-09-28 00:00:00,Grindwell Norton Ltd.,Inclusion into Index
Nifty 500,2018-09-28 00:00:00,HDFC Standard Life Insurance Company Ltd.,Inclusion into Index
Nifty 500,2018-09-28 00:00:00,Hindustan Aeronautics Ltd.,Inclusion into Index
Nifty 500,2018-09-28 00:00:00,ICICI Securities Ltd.,Inclusion into Index
Nifty 500,2018-09-28 00:00:00,Lemon Tree Hotels Ltd.,Inclusion into Index
Nifty 500,2018-09-28 00:00:00,Linde India Ltd.,Inclusion into Index
Nifty 500,2018-09-28 00:00:00,Lux Industries Ltd.,Inclusion into Index
Nifty 500,2018-09-28 00:00:00,Mahindra Logistics Ltd.,Inclusion into Index
Nifty 500,2018-09-28 00:00:00,Monsanto India Ltd.,Inclusion into Index
Nifty 500,2018-09-28 00:00:00,Phillips Carbon Black Ltd.,Inclusion into Index
Nifty 500,2018-09-28 00:00:00,Reliance Nippon Life Asset Management Ltd.,Inclusion into Index
Nifty 500,2018-09-28 00:00:00,Shilpa Medicare Ltd.,Inclusion into Index
Nifty 500,2018-09-28 00:00:00,Strides Pharma Science Ltd.,Inclusion into Index
Nifty 500,2018-09-28 00:00:00,Sundaram Finance Ltd.,Inclusion into Index
Nifty 500,2018-09-28 00:00:00,Teamlease Services Ltd.,Inclusion into Index
Nifty 500,2018-09-28 00:00:00,The New India Assurance Company Ltd.,Inclusion into Index
Nifty 500,2018-09-28 00:00:00,Venky's (India) Ltd.,Inclusion into Index
Nifty 500,2018-09-28 00:00:00,V-Mart Retail Ltd.,Inclusion into Index
Nifty 500,2018-09-28 00:00:00,Zensar Technolgies Ltd.,Inclusion into Index
Nifty 500,2018-09-28 00:00:00,Zydus Wellness Ltd.,Inclusion into Index
Nifty 500,2018-12-28 00:00:00,Bharat Financial Inclusion Ltd.,Exclusion from Index
Nifty 500,2018-12-28 00:00:00,Capital First Ltd.,Exclusion from Index
Nifty 500,2018-12-28 00:00:00,Century Textile & Industries Ltd.,Exclusion from Index
Nifty 500,2018-12-28 00:00:00,HSIL Ltd.,Exclusion from Index
Nifty 500,2018-12-28 00:00:00,IIFL Holdings Ltd.,Exclusion from Index
Nifty 500,2018-12-28 00:00:00,Adani Green Energy Ltd.,Inclusion into Index
Nifty 500,2018-12-28 00:00:00,Fortis Healthcare Ltd.,Inclusion into Index
Nifty 500,2018-12-28 00:00:00,RITES Ltd.,Inclusion into Index
Nifty 500,2018-12-28 00:00:00,Sheela Foam Ltd.,Inclusion into Index
Nifty 500,2018-12-28 00:00:00,Varroc Engineering Ltd.,Inclusion into Index
Nifty 500,2019-01-28 00:00:00,Dena Bank,Exclusion from Index
Nifty 500,2019-01-28 00:00:00,Vijaya Bank,Exclusion from Index
Nifty 500,2019-01-28 00:00:00,Corporation Bank,Inclusion into Index
Nifty 500,2019-01-28 00:00:00,CreditAccess Grameen Ltd.,Inclusion into Index
Nifty 500,2019-03-29 00:00:00,8K Miles Soft Services Ltd.,Exclusion from Index
Nifty 500,2019-03-29 00:00:00,Aarti Industries Ltd.,Exclusion from Index
Nifty 500,2019-03-29 00:00:00,Den Networks Ltd.,Exclusion from Index
Nifty 500,2019-03-29 00:00:00,Dredging Corporation of India Ltd.,Exclusion from Index
Nifty 500,2019-03-29 00:00:00,Eros Intl Media Ltd.,Exclusion from Index
Nifty 500,2019-03-29 00:00:00,Eveready Industries India Ltd.,Exclusion from Index
Nifty 500,2019-03-29 00:00:00,Greenply Industries Ltd.,Exclusion from Index
Nifty 500,2019-03-29 00:00:00,GVK Power & Infrastructures Ltd.,Exclusion from Index
Nifty 500,2019-03-29 00:00:00,HCL Infosystems Ltd.,Exclusion from Index
Nifty 500,2019-03-29 00:00:00,Hindustan Construction Co. Ltd.,Exclusion from Index
Nifty 500,2019-03-29 00:00:00,IL&FS Transportation Networks Ltd.,Exclusion from Index
Nifty 500,2019-03-29 00:00:00,Indo Count Industries Ltd.,Exclusion from Index
Nifty 500,2019-03-29 00:00:00,J.Kumar Infraprojects Ltd.,Exclusion from Index
Nifty 500,2019-03-29 00:00:00,Jaiprakash Power Ventures Ltd.,Exclusion from Index
Nifty 500,2019-03-29 00:00:00,Johnson Controls - Hitachi Air Conditioning India Ltd.,Exclusion from Index
Nifty 500,2019-03-29 00:00:00,Manpasand Beverages Ltd.,Exclusion from Index
Nifty 500,2019-03-29 00:00:00,McLeod Russel India Ltd.,Exclusion from Index
Nifty 500,2019-03-29 00:00:00,Navkar Corporation Ltd.,Exclusion from Index
Nifty 500,2019-03-29 00:00:00,PTC India Fin Serv Ltd.,Exclusion from Index
Nifty 500,2019-03-29 00:00:00,Reliance Naval and Engineering Ltd.,Exclusion from Index
Nifty 500,2019-03-29 00:00:00,Sadbhav Infrastructure Project Ltd.,Exclusion from Index
Nifty 500,2019-03-29 00:00:00,Tata Sponge Iron Ltd.,Exclusion from Index
Nifty 500,2019-03-29 00:00:00,Texmaco Rail & Eng. Ltd.,Exclusion from Index
Nifty 500,2019-03-29 00:00:00,TVS Srichakra Ltd.,Exclusion from Index
Nifty 500,2019-03-29 00:00:00,Unichem Laboratories Ltd.,Exclusion from Index
Nifty 500,2019-03-29 00:00:00,Aavas Financiers Ltd.,Inclusion into Index
Nifty 500,2019-03-29 00:00:00,AstraZenca Pharma India Ltd.,Inclusion into Index
Nifty 500,2019-03-29 00:00:00,Bank of Maharashtra.,Inclusion into Index
Nifty 500,2019-03-29 00:00:00,CESC Ltd.,Inclusion into Index
Nifty 500,2019-03-29 00:00:00,Cox & Kings Ltd.,Inclusion into Index
Nifty 500,2019-03-29 00:00:00,Deepak Nitrite Ltd.,Inclusion into Index
Nifty 500,2019-03-29 00:00:00,Essel Propack Ltd.,Inclusion into Index
Nifty 500,2019-03-29 00:00:00,Fine Organic Industries Ltd.,Inclusion into Index
Nifty 500,2019-03-29 00:00:00,HDFC Asset Management Company Ltd.,Inclusion into Index
Nifty 500,2019-03-29 00:00:00,ICRA Ltd.,Inclusion into Index
Nifty 500,2019-03-29 00:00:00,Indiabulls Integrated Services Ltd.,Inclusion into Index
Nifty 500,2019-03-29 00:00:00,IndoStar Capital Finance Ltd.,Inclusion into Index
Nifty 500,2019-03-29 00:00:00,IRCON International Ltd.,Inclusion into Index
Nifty 500,2019-03-29 00:00:00,Jamna Auto Industries Ltd.,Inclusion into Index
Nifty 500,2019-03-29 00:00:00,JK Paper Ltd.,Inclusion into Index
Nifty 500,2019-03-29 00:00:00,KEI Industries Ltd.,Inclusion into Index
Nifty 500,2019-03-29 00:00:00,Kirloskar Oil Eng Ltd.,Inclusion into Index
Nifty 500,2019-03-29 00:00:00,Maharashtra Scooters Ltd.,Inclusion into Index
Nifty 500,2019-03-29 00:00:00,Maharashtra Seamless Ltd.,Inclusion into Index
Nifty 500,2019-03-29 00:00:00,Orient Electric Ltd.,Inclusion into Index
Nifty 500,2019-03-29 00:00:00,Sharda Cropchem Ltd.,Inclusion into Index
Nifty 500,2019-03-29 00:00:00,Suprajit Engineering Ltd.,Inclusion into Index
Nifty 500,2019-03-29 00:00:00,TCNS Clothing Co. Ltd.,Inclusion into Index
Nifty 500,2019-03-29 00:00:00,Triveni Turbine Ltd.,Inclusion into Index
Nifty 500,2019-03-29 00:00:00,VST Industries Ltd.,Inclusion into Index
Nifty 500,2019-04-15 00:00:00,Excel Crop Care Ltd.,Exclusion from Index
Nifty 500,2019-04-15 00:00:00,Sundaram Clayton Ltd.,Inclusion into Index
Nifty 500,2019-06-28 00:00:00,Chalet Hotels Ltd.,Inclusion into Index
Nifty 500,2019-06-28 00:00:00,Dalmia Bharat Ltd.,Inclusion into Index
Nifty 500,2019-06-28 00:00:00,Gujarat Fluorochemicals Ltd.,Exclusion from Index
Nifty 500,2019-06-28 00:00:00,Monsanto India Ltd.,Exclusion from Index
Nifty 500,2019-09-24 00:00:00,Jet Airways (India) Ltd.,Exclusion from Index
Nifty 500,2019-09-24 00:00:00,Vaibhav Global Ltd.,Inclusion into Index
Nifty 500,2019-09-27 00:00:00,ABB India Ltd.,Exclusion from Index
Nifty 500,2019-09-27 00:00:00,Abbott India Ltd.,Inclusion into Index
Nifty 500,2019-09-27 00:00:00,Adani Gas Ltd.,Inclusion into Index
Nifty 500,2019-09-27 00:00:00,Amber Enterprises India Ltd.,Inclusion into Index
Nifty 500,2019-09-27 00:00:00,Arvind Fashions Ltd.,Inclusion into Index
Nifty 500,2019-09-27 00:00:00,Bayer Cropscience Ltd.,Inclusion into Index
Nifty 500,2019-09-27 00:00:00,Birlasoft Ltd.,Inclusion into Index
Nifty 500,2019-09-27 00:00:00,Capri Global Capital Ltd.,Inclusion into Index
Nifty 500,2019-09-27 00:00:00,Deepak Fertilisers & Petrochemicals Corp. Ltd.,Exclusion from Index
Nifty 500,2019-09-27 00:00:00,Den Networks Ltd.,Inclusion into Index
Nifty 500,2019-09-27 00:00:00,Federal-Mogul Goetze (India) Ltd.,Inclusion into Index
Nifty 500,2019-09-27 00:00:00,Garware Technical Fibres Ltd.,Inclusion into Index
Nifty 500,2019-09-27 00:00:00,Gateway Distriparks Ltd.,Exclusion from Index
Nifty 500,2019-09-27 00:00:00,GlaxoSmithkline Consumer Healthcare Ltd.,Exclusion from Index
Nifty 500,2019-09-27 00:00:00,Gruh Finance Ltd.,Exclusion from Index
Nifty 500,2019-09-27 00:00:00,IIFL Finance Ltd.,Inclusion into Index
Nifty 500,2019-09-27 00:00:00,Indoco Remedies Ltd.,Exclusion from Index
Nifty 500,2019-09-27 00:00:00,Inox Wind Ltd.,Exclusion from Index
Nifty 500,2019-09-27 00:00:00,Jaiprakash Associates Ltd.,Exclusion from Index
Nifty 500,2019-09-27 00:00:00,Johnson Controls - Hitachi Air Conditioning India Ltd.,Inclusion into Index
Nifty 500,2019-09-27 00:00:00,KIOCL Ltd.,Exclusion from Index
Nifty 500,2019-09-27 00:00:00,KPIT Technologies Ltd.,Inclusion into Index
Nifty 500,2019-09-27 00:00:00,Metropolis Healthcare Ltd.,Inclusion into Index
Nifty 500,2019-09-27 00:00:00,Multi Commodity Exchange of India Ltd.,Inclusion into Index
Nifty 500,2019-09-27 00:00:00,Nestle India Ltd.,Inclusion into Index
Nifty 500,2019-09-27 00:00:00,Orient Refractories Ltd.,Inclusion into Index
Nifty 500,2019-09-27 00:00:00,Polycab India Ltd.,Inclusion into Index
Nifty 500,2019-09-27 00:00:00,Rail Vikas Nigam Ltd.,Inclusion into Index
Nifty 500,2019-09-27 00:00:00,Ramkrishna Forgings Ltd.,Exclusion from Index
Nifty 500,2019-09-27 00:00:00,Ratnamani Metals & Tubes Ltd.,Inclusion into Index
Nifty 500,2019-09-27 00:00:00,Reliance Communications Ltd.,Exclusion from Index
Nifty 500,2019-09-27 00:00:00,Reliance Home Finance Ltd.,Exclusion from Index
Nifty 500,2019-09-27 00:00:00,Rupa & Company Ltd.,Exclusion from Index
Nifty 500,2019-09-27 00:00:00,SREI Infrastructure Finance Ltd.,Exclusion from Index
Nifty 500,2019-09-27 00:00:00,Shankara Building Products Ltd.,Exclusion from Index
Nifty 500,2019-09-27 00:00:00,Sharda Cropchem Ltd.,Exclusion from Index
Nifty 500,2019-09-27 00:00:00,Shipping Corporation of India Ltd.,Exclusion from Index
Nifty 500,2019-09-27 00:00:00,Sintex Plastics Technology Ltd.,Exclusion from Index
Nifty 500,2019-09-27 00:00:00,TCI Express Ltd.,Inclusion into Index
Nifty 500,2019-09-27 00:00:00,Tamil Nadu Newsprint & Papers Ltd.,Exclusion from Index
Nifty 500,2019-09-27 00:00:00,Tata Coffee Ltd.,Exclusion from Index
Nifty 500,2019-09-27 00:00:00,Techno Electric & Engineering Company Ltd.,Inclusion into Index
Nifty 500,2019-09-27 00:00:00,Thomas Cook (India) Ltd.,Exclusion from Index
Nifty 500,2019-09-27 00:00:00,Triveni Turbine Ltd.,Exclusion from Index
Nifty 500,2019-12-26 00:00:00,Affle (India) Ltd.,Inclusion into Index
Nifty 500,2019-12-26 00:00:00,CG Power and Industrial Solutions Ltd.,Exclusion from Index
Nifty 500,2019-12-26 00:00:00,Coffee Day Enterprises Ltd.,Exclusion from Index
Nifty 500,2019-12-26 00:00:00,Cox & Kings Ltd.,Exclusion from Index
Nifty 500,2019-12-26 00:00:00,Mishra Dhatu Nigam Ltd.,Inclusion into Index
Nifty 500,2019-12-26 00:00:00,Responsive Industries Ltd.,Inclusion into Index
Nifty 500,2019-12-27 00:00:00,Aarti Industries Ltd.,Inclusion into Index
Nifty 500,2019-12-27 00:00:00,Allahabad Bank,Exclusion from Index
Nifty 500,2019-12-27 00:00:00,Andhra Bank,Exclusion from Index
Nifty 500,2019-12-27 00:00:00,Asahi India Glass Ltd.,Inclusion into Index
Nifty 500,2019-12-27 00:00:00,Corporation Bank,Exclusion from Index
Nifty 500,2019-12-27 00:00:00,Den Networks Ltd.,Exclusion from Index
Nifty 500,2019-12-27 00:00:00,Hathway Cable & Datacom Ltd.,Exclusion from Index
Nifty 500,2019-12-27 00:00:00,Indiamart Intermesh Ltd.,Inclusion into Index
Nifty 500,2019-12-27 00:00:00,Kennametal India Ltd.,Inclusion into Index
Nifty 500,2019-12-27 00:00:00,Max India Ltd.,Exclusion from Index
Nifty 500,2019-12-27 00:00:00,Oriental Bank of Commerce,Exclusion from Index
Nifty 500,2019-12-27 00:00:00,Spandana Sphoorty Financial Ltd.,Inclusion into Index
Nifty 500,2019-12-27 00:00:00,Spicejet Ltd.,Inclusion into Index
Nifty 500,2019-12-27 00:00:00,Syndicate Bank,Exclusion from Index
Nifty 500,2019-12-27 00:00:00,Tasty Bite Eatables Ltd.,Inclusion into Index
Nifty 500,2019-12-27 00:00:00,Tata Chemicals Ltd.,Exclusion from Index
Nifty 500,2019-12-27 00:00:00,Triveni Turbine Ltd.,Inclusion into Index
Nifty 500,2019-12-27 00:00:00,Westlife Development Ltd.,Inclusion into Index
Nifty 500,2020-01-16 00:00:00,Suven Life Sciences Ltd.,Exclusion from Index
Nifty 500,2020-01-16 00:00:00,Tata Steel BSL Ltd.,Inclusion into Index
Nifty 500,2020-03-19 00:00:00,Sterling And Wilson Solar Ltd.,Inclusion into Index
Nifty 500,2020-03-19 00:00:00,Yes Bank Ltd.,Exclusion from Index
Nifty 500,2020-06-26 00:00:00,Alkyl Amines Chemicals Ltd.,Inclusion into Index
Nifty 500,2020-06-26 00:00:00,ABB India Ltd.,Inclusion into Index
Nifty 500,2020-06-26 00:00:00,Bharat Rasayan Ltd.,Inclusion into Index
Nifty 500,2020-06-26 00:00:00,Reliance Infrastructure Ltd.,Exclusion from Index
Nifty 500,2020-06-26 00:00:00,Century Textile & Industries Ltd.,Inclusion into Index
Nifty 500,2020-06-26 00:00:00,Dewan Housing Finance Corporation Ltd.,Exclusion from Index
Nifty 500,2020-06-26 00:00:00,ESAB India Ltd.,Inclusion into Index
Nifty 500,2020-06-26 00:00:00,Federal-Mogul Goetze (India) Ltd.,Exclusion from Index
Nifty 500,2020-06-26 00:00:00,Ingersoll Rand (India) Ltd.,Inclusion into Index
Nifty 500,2020-06-26 00:00:00,KSB Ltd.,Inclusion into Index
Nifty 500,2020-06-26 00:00:00,Reliance Capital Ltd.,Exclusion from Index
Nifty 500,2020-06-26 00:00:00,Shipping Corporation of India Ltd.,Inclusion into Index
Nifty 500,2020-06-26 00:00:00,Vesuvius India Ltd.,Inclusion into Index
Nifty 500,2020-06-26 00:00:00,Tata Communications Ltd.,Inclusion into Index
Nifty 500,2020-06-26 00:00:00,Lakshmi Vilas Bank Ltd.,Exclusion from Index
Nifty 500,2020-06-26 00:00:00,ITD Cementation India Ltd.,Exclusion from Index
Nifty 500,2020-06-26 00:00:00,Jain Irrigation Systems Ltd.,Exclusion from Index
Nifty 500,2020-06-26 00:00:00,Magma Fincorp Ltd.,Exclusion from Index
Nifty 500,2020-06-26 00:00:00,Indoco Remedies Ltd.,Inclusion into Index
Nifty 500,2020-06-26 00:00:00,Network18 Media & Investments Ltd.,Exclusion from Index
Nifty 500,2020-06-26 00:00:00,La Opala RG Ltd.,Inclusion into Index
Nifty 500,2020-06-26 00:00:00,Reliance Power Ltd.,Exclusion from Index
Nifty 500,2020-06-26 00:00:00,Shilpa Medicare Ltd.,Exclusion from Index
Nifty 500,2020-06-26 00:00:00,Hathway Cable & Datacom Ltd.,Inclusion into Index
Nifty 500,2020-06-26 00:00:00,Va Tech Wabag Ltd.,Exclusion from Index
Nifty 500,2020-06-26 00:00:00,Responsive Industries Ltd.,Exclusion from Index
Nifty 500,2020-06-26 00:00:00,Kirloskar Oil Eng Ltd.,Exclusion from Index
Nifty 500,2020-06-26 00:00:00,Dhanuka Agritech Ltd.,Inclusion into Index
Nifty 500,2020-06-26 00:00:00,Indiabulls Integrated Services Ltd.,Exclusion from Index
Nifty 500,2020-06-26 00:00:00,Gayatri Projects Ltd.,Exclusion from Index
Nifty 500,2020-06-26 00:00:00,Triveni Turbine Ltd.,Exclusion from Index
Nifty 500,2020-06-26 00:00:00,Poly Medicure Ltd.,Inclusion into Index
Nifty 500,2020-06-26 00:00:00,Schneider Electric Infrastructure Ltd.,Inclusion into Index
Nifty 500,2020-06-26 00:00:00,Sundaram Clayton Ltd.,Exclusion from Index
Nifty 500,2020-06-26 00:00:00,PC Jeweller Ltd.,Exclusion from Index
Nifty 500,2020-06-26 00:00:00,Future Lifestyle Fashions Ltd.,Exclusion from Index
Nifty 500,2020-06-26 00:00:00,S H Kelkar and Company Ltd.,Exclusion from Index
Nifty 500,2020-06-26 00:00:00,Sequent Scientific Ltd.,Inclusion into Index
Nifty 500,2020-06-26 00:00:00,Parag Milk Foods Ltd.,Exclusion from Index
Nifty 500,2020-06-26 00:00:00,GMM Pfaudler Ltd.,Inclusion into Index
Nifty 500,2020-06-26 00:00:00,Garden Reach Shipbuilders & Engineers Ltd.,Inclusion into Index
Nifty 500,2020-06-26 00:00:00,Techno Electric & Engineering Company Ltd.,Exclusion from Index
Nifty 500,2020-06-26 00:00:00,Chalet Hotels Ltd.,Exclusion from Index
Nifty 500,2020-06-26 00:00:00,Kennametal India Ltd.,Exclusion from Index
Nifty 500,2020-06-26 00:00:00,IIFL Wealth Management Ltd.,Inclusion into Index
Nifty 500,2020-06-26 00:00:00,Indian Railway Catering And Tourism Corporation Ltd.,Inclusion into Index
Nifty 500,2020-06-26 00:00:00,Gujarat Fluorochemicals Ltd.,Inclusion into Index
Nifty 500,2020-06-26 00:00:00,CSB Bank Ltd.,Inclusion into Index
Nifty 500,2020-06-26 00:00:00,Ujjivan Small Finance Bank Ltd.,Inclusion into Index
Nifty 500,2020-06-26 00:00:00,Sumitomo Chemical India Ltd.,Inclusion into Index
Nifty 500,2020-07-31 00:00:00,Vedanta Ltd.,Exclusion from Index
Nifty 500,2020-07-31 00:00:00,SBI Cards and Payment Services Ltd.,Inclusion into Index
Nifty 500,2020-09-14 00:00:00,JTEKT India Ltd.,Inclusion into Index
Nifty 500,2020-09-14 00:00:00,Asahi India Glass Ltd.,Exclusion from Index
